method,signature_id,T_total,T_train,T_test,On_Count,Enabled_Frac,Storage_Red,N_Activations,Trigger_Freq,N_Intervals,Median_Interval_Dur,Burst_Ratio,N_Alerts_Test,TP_Alerts,Alert_Coverage,TP_Intervals,FP_Intervals,Precision
ARIMA,4653699,602,421,181,19,0.105,0.895,10,0.055249,10,1.0,0.6316,1,1,1.0,1,9,0.1
ARIMA,4653700,602,421,181,13,0.0718,0.9282,10,0.055249,10,1.0,0.3077,1,1,1.0,1,9,0.1
ARIMA,4653701,602,421,181,11,0.0608,0.9392,7,0.038674,7,1.0,0.4545,1,1,1.0,1,6,0.1429
ARIMA,4653702,602,421,181,11,0.0608,0.9392,7,0.038674,7,1.0,0.4545,1,1,1.0,1,6,0.1429
ARIMA,4653705,602,421,181,14,0.0773,0.9227,7,0.038674,7,1.0,0.6429,1,1,1.0,1,6,0.1429
ARIMA,4653708,602,421,181,16,0.0884,0.9116,11,0.060773,11,1.0,0.5,0,0,,0,11,0.0
ARIMA,4653709,602,421,181,13,0.0718,0.9282,11,0.060773,11,1.0,0.2308,0,0,,0,11,0.0
ARIMA,4653710,602,421,181,15,0.0829,0.9171,11,0.060773,11,1.0,0.4,0,0,,0,11,0.0
ARIMA,4653716,602,421,181,14,0.0773,0.9227,8,0.044199,8,1.0,0.5714,1,1,1.0,1,7,0.125
ARIMA,4653771,562,393,169,8,0.0473,0.9527,8,0.047337,8,1.0,0.0,1,1,1.0,1,7,0.125
ARIMA,4653772,562,393,169,19,0.1124,0.8876,12,0.071006,12,1.0,0.4737,1,1,1.0,1,11,0.0833
ARIMA,4653782,562,393,169,38,0.2249,0.7751,22,0.130178,22,1.0,0.6579,0,0,,0,22,0.0
ARIMA,4653789,579,405,174,12,0.069,0.931,7,0.04023,7,1.0,0.5,1,1,1.0,1,6,0.1429
ARIMA,4653790,579,405,174,12,0.069,0.931,8,0.045977,8,1.0,0.4167,1,1,1.0,1,7,0.125
ARIMA,4653792,579,405,174,13,0.0747,0.9253,8,0.045977,8,1.0,0.4615,1,1,1.0,1,7,0.125
ARIMA,4653793,579,405,174,19,0.1092,0.8908,12,0.068966,12,1.0,0.4737,1,1,1.0,1,11,0.0833
ARIMA,4653825,567,396,171,9,0.0526,0.9474,7,0.040936,7,1.0,0.3333,1,1,1.0,1,6,0.1429
ARIMA,4653826,567,396,171,15,0.0877,0.9123,10,0.05848,10,1.0,0.6,1,1,1.0,1,9,0.1
ARIMA,4653828,567,396,171,8,0.0468,0.9532,6,0.035088,6,1.0,0.375,1,1,1.0,1,5,0.1667
ARIMA,4653829,567,396,171,8,0.0468,0.9532,4,0.023392,4,1.0,0.625,1,1,1.0,1,3,0.25
ARIMA,4653838,567,396,171,8,0.0468,0.9532,8,0.046784,8,1.0,0.0,0,0,,0,8,0.0
ARIMA,4653840,567,396,171,16,0.0936,0.9064,13,0.076023,13,1.0,0.3125,0,0,,0,13,0.0
ARIMA,4653842,567,396,171,20,0.117,0.883,16,0.093567,16,1.0,0.35,0,0,,0,16,0.0
ARIMA,4653861,596,417,179,16,0.0894,0.9106,10,0.055866,10,1.0,0.5,1,1,1.0,2,8,0.2
ARIMA,4653862,596,417,179,19,0.1061,0.8939,12,0.067039,12,1.0,0.5263,1,1,1.0,2,10,0.1667
ARIMA,4653863,596,417,179,12,0.067,0.933,10,0.055866,10,1.0,0.3333,1,1,1.0,1,9,0.1
ARIMA,4653864,596,417,179,19,0.1061,0.8939,9,0.050279,9,1.0,0.7368,1,1,1.0,2,7,0.2222
ARIMA,4653865,596,417,179,20,0.1117,0.8883,8,0.044693,8,2.0,0.8,1,1,1.0,2,6,0.25
ARIMA,4653867,596,417,179,34,0.1899,0.8101,18,0.100559,18,1.0,0.7059,0,0,,0,18,0.0
ARIMA,4653869,596,417,179,16,0.0894,0.9106,12,0.067039,12,1.0,0.3125,0,0,,0,12,0.0
ARIMA,4653870,596,417,179,17,0.095,0.905,13,0.072626,13,1.0,0.2941,0,0,,0,13,0.0
ARIMA,4653871,596,417,179,13,0.0726,0.9274,11,0.061453,11,1.0,0.3077,0,0,,0,11,0.0
ARIMA,4653873,596,417,179,16,0.0894,0.9106,12,0.067039,12,1.0,0.3125,0,0,,0,12,0.0
ARIMA,4653874,596,417,179,21,0.1173,0.8827,13,0.072626,13,1.0,0.5238,0,0,,0,13,0.0
ARIMA,4653876,596,417,179,21,0.1173,0.8827,15,0.083799,15,1.0,0.4286,0,0,,0,15,0.0
ARIMA,4653879,635,444,191,11,0.0576,0.9424,8,0.041885,8,1.0,0.4545,1,0,0.0,0,8,0.0
ARIMA,4653880,635,444,191,16,0.0838,0.9162,7,0.036649,7,1.0,0.75,1,1,1.0,1,6,0.1429
ARIMA,4653881,635,444,191,10,0.0524,0.9476,10,0.052356,10,1.0,0.0,0,0,,0,10,0.0
ARIMA,4653882,635,444,191,8,0.0419,0.9581,6,0.031414,6,1.0,0.375,1,0,0.0,0,6,0.0
ARIMA,4653883,635,444,191,11,0.0576,0.9424,9,0.04712,9,1.0,0.2727,1,1,1.0,2,7,0.2222
ARIMA,4653885,635,444,191,17,0.089,0.911,9,0.04712,9,1.0,0.6471,0,0,,0,9,0.0
ARIMA,4653887,635,444,191,10,0.0524,0.9476,9,0.04712,9,1.0,0.2,0,0,,0,9,0.0
ARIMA,4653888,635,444,191,20,0.1047,0.8953,15,0.078534,15,1.0,0.45,0,0,,0,15,0.0
ARIMA,4653889,635,444,191,20,0.1047,0.8953,13,0.068063,13,1.0,0.55,0,0,,0,13,0.0
ARIMA,4653890,635,444,191,19,0.0995,0.9005,14,0.073298,14,1.0,0.4737,0,0,,0,14,0.0
ARIMA,4653894,635,444,191,11,0.0576,0.9424,11,0.057592,11,1.0,0.0,0,0,,0,11,0.0
ARIMA,4653896,635,444,191,13,0.0681,0.9319,7,0.036649,7,1.0,0.6154,0,0,,0,7,0.0
ARIMA,4653987,582,407,175,12,0.0686,0.9314,7,0.04,7,1.0,0.5833,1,1,1.0,1,6,0.1429
ARIMA,4653988,582,407,175,13,0.0743,0.9257,8,0.045714,8,1.0,0.5385,1,1,1.0,1,7,0.125
ARIMA,4653989,582,407,175,21,0.12,0.88,8,0.045714,8,1.5,0.8095,1,1,1.0,1,7,0.125
ARIMA,4653990,582,407,175,11,0.0629,0.9371,6,0.034286,6,1.0,0.6364,1,1,1.0,1,5,0.1667
ARIMA,4653991,582,407,175,12,0.0686,0.9314,7,0.04,7,1.0,0.5833,1,1,1.0,1,6,0.1429
ARIMA,4653996,582,407,175,20,0.1143,0.8857,7,0.04,7,1.0,0.8,1,0,0.0,0,7,0.0
ARIMA,4653997,582,407,175,20,0.1143,0.8857,7,0.04,7,1.0,0.8,1,0,0.0,0,7,0.0
ARIMA,4653998,582,407,175,14,0.08,0.92,10,0.057143,10,1.0,0.4286,0,0,,0,10,0.0
ARIMA,4653999,582,407,175,20,0.1143,0.8857,7,0.04,7,1.0,0.8,1,0,0.0,0,7,0.0
ARIMA,4654000,582,407,175,21,0.12,0.88,5,0.028571,5,1.0,0.8571,1,0,0.0,0,5,0.0
ARIMA,4654002,582,407,175,17,0.0971,0.9029,10,0.057143,10,1.0,0.6471,1,1,1.0,1,9,0.1
ARIMA,4654004,582,407,175,21,0.12,0.88,16,0.091429,16,1.0,0.4286,0,0,,0,16,0.0
ARIMA,4654023,598,418,180,12,0.0667,0.9333,6,0.033333,6,1.5,0.75,1,0,0.0,0,6,0.0
ARIMA,4654024,598,418,180,8,0.0444,0.9556,7,0.038889,7,1.0,0.25,1,0,0.0,0,7,0.0
ARIMA,4654025,598,418,180,12,0.0667,0.9333,7,0.038889,7,1.0,0.5833,1,0,0.0,0,7,0.0
ARIMA,4654026,598,418,180,10,0.0556,0.9444,9,0.05,9,1.0,0.2,1,0,0.0,0,9,0.0
ARIMA,4654027,598,418,180,9,0.05,0.95,8,0.044444,8,1.0,0.2222,1,0,0.0,0,8,0.0
ARIMA,4654033,598,418,180,16,0.0889,0.9111,9,0.05,9,1.0,0.6875,1,1,1.0,2,7,0.2222
ARIMA,4654034,598,418,180,15,0.0833,0.9167,13,0.072222,13,1.0,0.2,0,0,,0,13,0.0
ARIMA,4654035,598,418,180,18,0.1,0.9,8,0.044444,8,1.0,0.7222,1,1,1.0,2,6,0.25
ARIMA,4654036,598,418,180,19,0.1056,0.8944,9,0.05,9,1.0,0.6842,0,0,,0,9,0.0
ARIMA,4654041,561,392,169,19,0.1124,0.8876,13,0.076923,13,1.0,0.4211,1,1,1.0,2,11,0.1538
ARIMA,4654042,561,392,169,17,0.1006,0.8994,10,0.059172,10,1.0,0.5882,1,1,1.0,2,8,0.2
ARIMA,4654044,561,392,169,18,0.1065,0.8935,9,0.053254,9,1.0,0.6111,1,1,1.0,2,7,0.2222
ARIMA,4654045,561,392,169,29,0.1716,0.8284,12,0.071006,12,1.0,0.7586,1,1,1.0,2,10,0.1667
ARIMA,4654050,561,392,169,20,0.1183,0.8817,13,0.076923,13,1.0,0.45,1,1,1.0,1,12,0.0769
ARIMA,4654051,561,392,169,14,0.0828,0.9172,13,0.076923,13,1.0,0.1429,0,0,,0,13,0.0
ARIMA,4654054,561,392,169,17,0.1006,0.8994,12,0.071006,12,1.0,0.4118,0,0,,0,12,0.0
ARIMA,4654059,606,424,182,18,0.0989,0.9011,9,0.049451,9,1.0,0.6667,1,1,1.0,1,8,0.1111
ARIMA,4654060,606,424,182,13,0.0714,0.9286,7,0.038462,7,1.0,0.6154,1,1,1.0,1,6,0.1429
ARIMA,4654062,606,424,182,17,0.0934,0.9066,9,0.049451,9,1.0,0.5882,1,1,1.0,1,8,0.1111
ARIMA,4654063,606,424,182,19,0.1044,0.8956,11,0.06044,11,1.0,0.5263,1,1,1.0,1,10,0.0909
ARIMA,4654068,606,424,182,18,0.0989,0.9011,13,0.071429,13,1.0,0.4444,1,1,1.0,1,12,0.0769
ARIMA,4654069,606,424,182,20,0.1099,0.8901,13,0.071429,13,1.0,0.5,1,1,1.0,1,12,0.0769
ARIMA,4654071,606,424,182,17,0.0934,0.9066,13,0.071429,13,1.0,0.4118,1,1,1.0,1,12,0.0769
ARIMA,4654072,606,424,182,23,0.1264,0.8736,14,0.076923,14,1.0,0.5217,2,2,1.0,1,13,0.0714
ARIMA,4654074,606,424,182,24,0.1319,0.8681,11,0.06044,11,1.0,0.75,1,1,1.0,1,10,0.0909
ARIMA,4654076,606,424,182,22,0.1209,0.8791,16,0.087912,16,1.0,0.4091,1,1,1.0,1,15,0.0625
ARIMA,4654077,565,395,170,19,0.1118,0.8882,9,0.052941,9,1.0,0.6316,1,1,1.0,1,8,0.1111
ARIMA,4654078,565,395,170,19,0.1118,0.8882,9,0.052941,9,1.0,0.6842,1,1,1.0,1,8,0.1111
ARIMA,4654080,565,395,170,17,0.1,0.9,10,0.058824,10,1.0,0.5294,1,1,1.0,2,8,0.2
ARIMA,4654081,565,395,170,21,0.1235,0.8765,10,0.058824,10,1.0,0.7143,1,1,1.0,2,8,0.2
ARIMA,4654086,565,395,170,15,0.0882,0.9118,12,0.070588,12,1.0,0.3333,0,0,,0,12,0.0
ARIMA,4654095,619,433,186,15,0.0806,0.9194,10,0.053763,10,1.0,0.5333,1,0,0.0,0,10,0.0
ARIMA,4654096,619,433,186,13,0.0699,0.9301,11,0.05914,11,1.0,0.2308,1,0,0.0,0,11,0.0
ARIMA,4654097,619,433,186,12,0.0645,0.9355,8,0.043011,8,1.0,0.5,1,0,0.0,0,8,0.0
ARIMA,4654098,619,433,186,11,0.0591,0.9409,9,0.048387,9,1.0,0.2727,1,0,0.0,0,9,0.0
ARIMA,4654099,619,433,186,14,0.0753,0.9247,10,0.053763,10,1.0,0.4286,1,0,0.0,0,10,0.0
ARIMA,4654101,619,433,186,16,0.086,0.914,13,0.069892,13,1.0,0.3125,0,0,,0,13,0.0
ARIMA,4654104,619,433,186,18,0.0968,0.9032,9,0.048387,9,1.0,0.7222,1,1,1.0,1,8,0.1111
ARIMA,4654105,619,433,186,18,0.0968,0.9032,9,0.048387,9,1.0,0.7222,1,1,1.0,1,8,0.1111
ARIMA,4654106,619,433,186,15,0.0806,0.9194,13,0.069892,13,1.0,0.2667,0,0,,0,13,0.0
ARIMA,4654107,619,433,186,18,0.0968,0.9032,9,0.048387,9,1.0,0.7222,1,1,1.0,1,8,0.1111
ARIMA,4654108,619,433,186,20,0.1075,0.8925,11,0.05914,11,1.0,0.6,1,1,1.0,1,10,0.0909
ARIMA,4654110,619,433,186,22,0.1183,0.8817,14,0.075269,14,1.0,0.5909,0,0,,0,14,0.0
ARIMA,4654112,619,433,186,23,0.1237,0.8763,14,0.075269,14,1.0,0.4783,0,0,,0,14,0.0
ARIMA,4654114,593,415,178,15,0.0843,0.9157,8,0.044944,8,1.0,0.6667,1,1,1.0,1,7,0.125
ARIMA,4654116,593,415,178,17,0.0955,0.9045,10,0.05618,10,1.0,0.5882,1,1,1.0,1,9,0.1
ARIMA,4654119,593,415,178,18,0.1011,0.8989,10,0.05618,10,1.0,0.5556,0,0,,0,10,0.0
ARIMA,4654123,593,415,178,20,0.1124,0.8876,14,0.078652,14,1.0,0.45,0,0,,0,14,0.0
ARIMA,4654124,593,415,178,24,0.1348,0.8652,7,0.039326,7,1.0,0.8333,1,1,1.0,1,6,0.1429
ARIMA,4654126,593,415,178,19,0.1067,0.8933,11,0.061798,11,1.0,0.4737,0,0,,0,11,0.0
ARIMA,4654128,593,415,178,12,0.0674,0.9326,10,0.05618,10,1.0,0.25,0,0,,0,10,0.0
ARIMA,4654134,589,412,177,13,0.0734,0.9266,10,0.056497,10,1.0,0.3846,1,1,1.0,2,8,0.2
ARIMA,4654135,589,412,177,12,0.0678,0.9322,9,0.050847,9,1.0,0.4167,1,1,1.0,2,7,0.2222
ARIMA,4654144,589,412,177,12,0.0678,0.9322,10,0.056497,10,1.0,0.3333,0,0,,0,10,0.0
ARIMA,4654149,594,415,179,15,0.0838,0.9162,11,0.061453,11,1.0,0.4,1,1,1.0,2,9,0.1818
ARIMA,4654312,614,429,185,22,0.1189,0.8811,12,0.064865,12,1.0,0.6818,1,1,1.0,1,11,0.0833
ARIMA,4654313,614,429,185,24,0.1297,0.8703,13,0.07027,13,1.0,0.5833,1,1,1.0,2,11,0.1538
ARIMA,4654314,614,429,185,20,0.1081,0.8919,14,0.075676,14,1.0,0.5,1,1,1.0,2,12,0.1429
ARIMA,4654316,614,429,185,16,0.0865,0.9135,6,0.032432,6,1.5,0.8125,1,1,1.0,1,5,0.1667
ARIMA,4654318,614,429,185,20,0.1081,0.8919,9,0.048649,9,1.0,0.7,1,1,1.0,1,8,0.1111
ARIMA,4654321,614,429,185,18,0.0973,0.9027,11,0.059459,11,1.0,0.6111,1,1,1.0,2,9,0.1818
ARIMA,4654322,614,429,185,21,0.1135,0.8865,12,0.064865,12,1.0,0.619,1,1,1.0,2,10,0.1667
ARIMA,4654323,614,429,185,14,0.0757,0.9243,7,0.037838,7,1.0,0.7143,1,1,1.0,1,6,0.1429
ARIMA,4654324,614,429,185,17,0.0919,0.9081,9,0.048649,9,1.0,0.6471,1,1,1.0,2,7,0.2222
ARIMA,4654325,614,429,185,17,0.0919,0.9081,8,0.043243,8,1.5,0.7647,2,1,0.5,2,6,0.25
ARIMA,4654327,614,429,185,13,0.0703,0.9297,9,0.048649,9,1.0,0.5385,1,1,1.0,2,7,0.2222
ARIMA,4654329,614,429,185,22,0.1189,0.8811,6,0.032432,6,1.5,0.8636,1,1,1.0,1,5,0.1667
ARIMA,4654330,613,429,184,13,0.0707,0.9293,7,0.038043,7,1.0,0.6923,1,1,1.0,1,6,0.1429
ARIMA,4654331,613,429,184,14,0.0761,0.9239,8,0.043478,8,1.0,0.6429,1,1,1.0,1,7,0.125
ARIMA,4654333,613,429,184,12,0.0652,0.9348,8,0.043478,8,1.0,0.5,1,1,1.0,1,7,0.125
ARIMA,4654334,613,429,184,15,0.0815,0.9185,9,0.048913,9,1.0,0.6,1,1,1.0,1,8,0.1111
ARIMA,4654340,613,429,184,24,0.1304,0.8696,18,0.097826,18,1.0,0.4167,0,0,,0,18,0.0
ARIMA,4654343,613,429,184,14,0.0761,0.9239,9,0.048913,9,1.0,0.5714,0,0,,0,9,0.0
ARIMA,4654345,613,429,184,22,0.1196,0.8804,11,0.059783,11,1.0,0.6818,0,0,,0,11,0.0
ARIMA,4654347,613,429,184,15,0.0815,0.9185,10,0.054348,10,1.0,0.4667,1,1,1.0,2,8,0.2
ARIMA,4654348,521,364,157,10,0.0637,0.9363,5,0.031847,5,1.0,0.6,1,1,1.0,2,3,0.4
ARIMA,4654349,521,364,157,11,0.0701,0.9299,6,0.038217,6,1.0,0.5455,1,1,1.0,2,4,0.3333
ARIMA,4654350,521,364,157,13,0.0828,0.9172,8,0.050955,8,1.0,0.4615,1,1,1.0,1,7,0.125
ARIMA,4654351,521,364,157,11,0.0701,0.9299,6,0.038217,6,1.0,0.5455,1,1,1.0,2,4,0.3333
ARIMA,4654352,521,364,157,11,0.0701,0.9299,6,0.038217,6,1.0,0.5455,1,1,1.0,2,4,0.3333
ARIMA,4654359,521,364,157,18,0.1146,0.8854,12,0.076433,12,1.0,0.5556,0,0,,0,12,0.0
ARIMA,4654361,521,364,157,5,0.0318,0.9682,5,0.031847,5,1.0,0.0,0,0,,0,5,0.0
ARIMA,4654384,576,403,173,14,0.0809,0.9191,8,0.046243,8,1.0,0.6429,1,1,1.0,2,6,0.25
ARIMA,4654385,576,403,173,15,0.0867,0.9133,9,0.052023,9,1.0,0.6,1,1,1.0,2,7,0.2222
ARIMA,4654387,576,403,173,9,0.052,0.948,7,0.040462,7,1.0,0.3333,1,1,1.0,2,5,0.2857
ARIMA,4654388,576,403,173,11,0.0636,0.9364,7,0.040462,7,1.0,0.5455,1,1,1.0,2,5,0.2857
ARIMA,4654393,576,403,173,17,0.0983,0.9017,14,0.080925,14,1.0,0.2941,0,0,,0,14,0.0
ARIMA,4654394,576,403,173,18,0.104,0.896,14,0.080925,14,1.0,0.3889,0,0,,0,14,0.0
ARIMA,4654395,576,403,173,19,0.1098,0.8902,13,0.075145,13,1.0,0.4211,0,0,,0,13,0.0
ARIMA,4654396,576,403,173,18,0.104,0.896,9,0.052023,9,1.0,0.6111,0,0,,0,9,0.0
ARIMA,4654397,576,403,173,24,0.1387,0.8613,13,0.075145,13,1.0,0.5833,0,0,,0,13,0.0
ARIMA,4654399,576,403,173,18,0.104,0.896,11,0.063584,11,1.0,0.6111,0,0,,0,11,0.0
ARIMA,4654421,565,395,170,11,0.0647,0.9353,7,0.041176,7,1.0,0.5455,1,1,1.0,1,6,0.1429
ARIMA,4654423,565,395,170,12,0.0706,0.9294,10,0.058824,10,1.0,0.25,1,1,1.0,1,9,0.1
ARIMA,4654430,565,395,170,22,0.1294,0.8706,14,0.082353,14,1.0,0.5455,0,0,,0,14,0.0
ARIMA,4654510,589,412,177,14,0.0791,0.9209,5,0.028249,5,3.0,0.8571,1,0,0.0,0,5,0.0
ARIMA,4654511,589,412,177,14,0.0791,0.9209,8,0.045198,8,1.0,0.5714,1,0,0.0,0,8,0.0
ARIMA,4654512,589,412,177,16,0.0904,0.9096,8,0.045198,8,1.0,0.625,1,1,1.0,1,7,0.125
ARIMA,4654513,589,412,177,14,0.0791,0.9209,8,0.045198,8,1.0,0.5714,1,0,0.0,0,8,0.0
ARIMA,4654514,589,412,177,16,0.0904,0.9096,6,0.033898,6,2.0,0.8125,1,1,1.0,1,5,0.1667
ARIMA,4654564,574,401,173,115,0.6647,0.3353,14,0.080925,14,3.0,0.9739,1,1,1.0,3,11,0.2143
ARIMA,4654566,574,401,173,45,0.2601,0.7399,17,0.098266,17,2.0,0.8444,1,1,1.0,1,16,0.0588
ARIMA,4654567,574,401,173,111,0.6416,0.3584,16,0.092486,16,3.0,0.964,1,1,1.0,2,14,0.125
ARIMA,4654568,574,401,173,111,0.6416,0.3584,17,0.098266,17,3.0,0.955,1,1,1.0,3,14,0.1765
ARIMA,4654573,574,401,173,25,0.1445,0.8555,12,0.069364,12,1.0,0.64,1,1,1.0,1,11,0.0833
ARIMA,4654575,574,401,173,20,0.1156,0.8844,9,0.052023,9,1.0,0.7,1,1,1.0,1,8,0.1111
ARIMA,4654576,574,401,173,23,0.1329,0.8671,14,0.080925,14,1.0,0.6087,1,1,1.0,1,13,0.0714
ARIMA,4654577,574,401,173,21,0.1214,0.8786,10,0.057803,10,2.0,0.8095,1,1,1.0,1,9,0.1
ARIMA,4654581,574,401,173,36,0.2081,0.7919,16,0.092486,16,1.0,0.6944,1,1,1.0,3,13,0.1875
ARIMA,4654582,586,410,176,14,0.0795,0.9205,10,0.056818,10,1.0,0.3571,1,1,1.0,2,8,0.2
ARIMA,4654583,586,410,176,11,0.0625,0.9375,7,0.039773,7,1.0,0.4545,1,1,1.0,2,5,0.2857
ARIMA,4654584,586,410,176,9,0.0511,0.9489,7,0.039773,7,1.0,0.3333,1,1,1.0,2,5,0.2857
ARIMA,4654585,586,410,176,15,0.0852,0.9148,8,0.045455,8,1.0,0.6,1,1,1.0,2,6,0.25
ARIMA,4654586,586,410,176,14,0.0795,0.9205,8,0.045455,8,1.0,0.5,1,1,1.0,1,7,0.125
ARIMA,4654590,586,410,176,14,0.0795,0.9205,14,0.079545,14,1.0,0.0,0,0,,0,14,0.0
ARIMA,4654594,586,410,176,37,0.2102,0.7898,17,0.096591,17,1.0,0.7297,0,0,,0,17,0.0
ARIMA,4654595,586,410,176,16,0.0909,0.9091,10,0.056818,10,1.0,0.625,0,0,,0,10,0.0
ARIMA,4654599,586,410,176,14,0.0795,0.9205,12,0.068182,12,1.0,0.2143,0,0,,0,12,0.0
ARIMA,4654636,577,403,174,18,0.1034,0.8966,12,0.068966,12,1.0,0.5,1,1,1.0,1,11,0.0833
ARIMA,4654637,577,403,174,18,0.1034,0.8966,11,0.063218,11,1.0,0.5556,1,1,1.0,1,10,0.0909
ARIMA,4654638,577,403,174,25,0.1437,0.8563,16,0.091954,16,1.0,0.56,0,0,,0,16,0.0
ARIMA,4654639,577,403,174,17,0.0977,0.9023,11,0.063218,11,1.0,0.4706,1,1,1.0,1,10,0.0909
ARIMA,4654640,577,403,174,21,0.1207,0.8793,10,0.057471,10,1.0,0.7143,1,1,1.0,1,9,0.1
ARIMA,4654646,577,403,174,14,0.0805,0.9195,11,0.063218,11,1.0,0.3571,0,0,,0,11,0.0
ARIMA,4654647,577,403,174,15,0.0862,0.9138,11,0.063218,11,1.0,0.4,0,0,,0,11,0.0
ARIMA,4654649,577,403,174,15,0.0862,0.9138,7,0.04023,7,1.0,0.6667,0,0,,0,7,0.0
ARIMA,4654651,577,403,174,21,0.1207,0.8793,13,0.074713,13,1.0,0.4762,0,0,,0,13,0.0
ARIMA,4654654,594,415,179,27,0.1508,0.8492,15,0.083799,15,1.0,0.6296,1,1,1.0,2,13,0.1333
ARIMA,4654655,594,415,179,12,0.067,0.933,9,0.050279,9,1.0,0.4167,1,1,1.0,1,8,0.1111
ARIMA,4654657,594,415,179,20,0.1117,0.8883,13,0.072626,13,1.0,0.55,1,1,1.0,2,11,0.1538
ARIMA,4654658,594,415,179,14,0.0782,0.9218,10,0.055866,10,1.0,0.3571,1,1,1.0,1,9,0.1
ARIMA,4654660,594,415,179,18,0.1006,0.8994,12,0.067039,12,1.0,0.5556,0,0,,0,12,0.0
ARIMA,4654663,594,415,179,18,0.1006,0.8994,14,0.078212,14,1.0,0.3889,0,0,,0,14,0.0
ARIMA,4654664,594,415,179,18,0.1006,0.8994,14,0.078212,14,1.0,0.3889,0,0,,0,14,0.0
ARIMA,4654665,594,415,179,14,0.0782,0.9218,11,0.061453,11,1.0,0.3571,0,0,,0,11,0.0
ARIMA,4654666,594,415,179,20,0.1117,0.8883,14,0.078212,14,1.0,0.45,0,0,,0,14,0.0
ARIMA,4654667,594,415,179,25,0.1397,0.8603,13,0.072626,13,1.0,0.64,0,0,,0,13,0.0
ARIMA,4654669,594,415,179,18,0.1006,0.8994,14,0.078212,14,1.0,0.2778,0,0,,0,14,0.0
ARIMA,4654671,594,415,179,10,0.0559,0.9441,10,0.055866,10,1.0,0.0,0,0,,0,10,0.0
ARIMA,4654673,583,408,175,26,0.1486,0.8514,16,0.091429,16,1.0,0.6154,1,1,1.0,2,14,0.125
ARIMA,4654675,583,408,175,16,0.0914,0.9086,12,0.068571,12,1.0,0.375,1,1,1.0,1,11,0.0833
ARIMA,4654676,583,408,175,19,0.1086,0.8914,14,0.08,14,1.0,0.3684,1,1,1.0,1,13,0.0714
ARIMA,4654678,583,408,175,16,0.0914,0.9086,9,0.051429,9,1.0,0.625,0,0,,0,9,0.0
ARIMA,4654681,583,408,175,16,0.0914,0.9086,14,0.08,14,1.0,0.1875,0,0,,0,14,0.0
ARIMA,4654684,583,408,175,21,0.12,0.88,12,0.068571,12,1.0,0.619,0,0,,0,12,0.0
ARIMA,4669835,2604,1822,782,36,0.046,0.954,33,0.042199,33,1.0,0.1389,0,0,,0,33,0.0
ARIMA,4670242,612,428,184,11,0.0598,0.9402,8,0.043478,8,1.0,0.3636,0,0,,0,8,0.0
ARIMA,4670243,612,428,184,11,0.0598,0.9402,8,0.043478,8,1.0,0.3636,0,0,,0,8,0.0
ARIMA,4670245,612,428,184,19,0.1033,0.8967,9,0.048913,9,1.0,0.6842,0,0,,0,9,0.0
ARIMA,4969001,213,149,64,8,0.125,0.875,2,0.03125,2,4.0,1.0,1,1,1.0,1,1,0.5
ARIMA,4969017,245,171,74,15,0.2027,0.7973,5,0.067568,5,3.0,0.9333,1,1,1.0,1,4,0.2
ARIMA,4969020,203,142,61,6,0.0984,0.9016,4,0.065574,4,1.0,0.5,0,0,,0,4,0.0
ARIMA,4969022,234,163,71,7,0.0986,0.9014,3,0.042254,3,1.0,0.7143,0,0,,0,3,0.0
ARIMA,4969030,226,158,68,12,0.1765,0.8235,8,0.117647,8,1.0,0.4167,0,0,,0,8,0.0
ARIMA,4969038,215,150,65,2,0.0308,0.9692,2,0.030769,2,1.0,0.0,0,0,,0,2,0.0
LAST,4653699,602,421,181,22,0.1215,0.8785,12,0.066298,12,1.0,0.6364,1,0,0.0,0,12,0.0
LAST,4653700,602,421,181,11,0.0608,0.9392,8,0.044199,8,1.0,0.4545,1,0,0.0,0,8,0.0
LAST,4653701,602,421,181,13,0.0718,0.9282,9,0.049724,9,1.0,0.4615,1,0,0.0,0,9,0.0
LAST,4653702,602,421,181,15,0.0829,0.9171,12,0.066298,12,1.0,0.3333,1,0,0.0,0,12,0.0
LAST,4653705,602,421,181,15,0.0829,0.9171,10,0.055249,10,1.0,0.5333,1,0,0.0,0,10,0.0
LAST,4653708,602,421,181,21,0.116,0.884,12,0.066298,12,1.5,0.7143,0,0,,0,12,0.0
LAST,4653709,602,421,181,19,0.105,0.895,9,0.049724,9,3.0,0.7895,0,0,,0,9,0.0
LAST,4653710,602,421,181,13,0.0718,0.9282,7,0.038674,7,1.0,0.6154,0,0,,0,7,0.0
LAST,4653716,602,421,181,13,0.0718,0.9282,9,0.049724,9,1.0,0.3846,1,1,1.0,1,8,0.1111
LAST,4653771,562,393,169,23,0.1361,0.8639,10,0.059172,10,3.0,0.8261,1,0,0.0,0,10,0.0
LAST,4653772,562,393,169,24,0.142,0.858,11,0.065089,11,2.0,0.7917,1,1,1.0,1,10,0.0909
LAST,4653782,562,393,169,3,0.0178,0.9822,3,0.017751,3,1.0,0.0,0,0,,0,3,0.0
LAST,4653789,579,405,174,14,0.0805,0.9195,9,0.051724,9,1.0,0.5714,1,1,1.0,1,8,0.1111
LAST,4653790,579,405,174,15,0.0862,0.9138,10,0.057471,10,1.0,0.5333,1,1,1.0,1,9,0.1
LAST,4653792,579,405,174,21,0.1207,0.8793,10,0.057471,10,2.0,0.8095,1,1,1.0,1,9,0.1
LAST,4653793,579,405,174,16,0.092,0.908,6,0.034483,6,2.0,0.8125,1,1,1.0,1,5,0.1667
LAST,4653825,567,396,171,13,0.076,0.924,7,0.040936,7,1.0,0.6923,1,1,1.0,1,6,0.1429
LAST,4653826,567,396,171,13,0.076,0.924,7,0.040936,7,1.0,0.6923,1,1,1.0,1,6,0.1429
LAST,4653828,567,396,171,13,0.076,0.924,7,0.040936,7,1.0,0.6923,1,1,1.0,1,6,0.1429
LAST,4653829,567,396,171,12,0.0702,0.9298,6,0.035088,6,2.0,0.75,1,1,1.0,1,5,0.1667
LAST,4653838,567,396,171,22,0.1287,0.8713,7,0.040936,7,3.0,0.9091,0,0,,0,7,0.0
LAST,4653840,567,396,171,15,0.0877,0.9123,8,0.046784,8,1.5,0.7333,0,0,,0,8,0.0
LAST,4653842,567,396,171,14,0.0819,0.9181,9,0.052632,9,1.0,0.5714,0,0,,0,9,0.0
LAST,4653861,596,417,179,24,0.1341,0.8659,11,0.061453,11,1.0,0.7083,1,1,1.0,1,10,0.0909
LAST,4653862,596,417,179,22,0.1229,0.8771,11,0.061453,11,1.0,0.6364,1,1,1.0,1,10,0.0909
LAST,4653863,596,417,179,21,0.1173,0.8827,8,0.044693,8,2.0,0.8095,1,1,1.0,1,7,0.125
LAST,4653864,596,417,179,22,0.1229,0.8771,9,0.050279,9,1.0,0.7727,1,1,1.0,2,7,0.2222
LAST,4653865,596,417,179,22,0.1229,0.8771,9,0.050279,9,1.0,0.7727,1,1,1.0,2,7,0.2222
LAST,4653867,596,417,179,25,0.1397,0.8603,15,0.083799,15,1.0,0.6,0,0,,0,15,0.0
LAST,4653869,596,417,179,16,0.0894,0.9106,12,0.067039,12,1.0,0.375,0,0,,0,12,0.0
LAST,4653870,596,417,179,25,0.1397,0.8603,13,0.072626,13,1.0,0.72,0,0,,0,13,0.0
LAST,4653871,596,417,179,24,0.1341,0.8659,13,0.072626,13,1.0,0.7083,0,0,,0,13,0.0
LAST,4653873,596,417,179,24,0.1341,0.8659,14,0.078212,14,1.0,0.6667,0,0,,0,14,0.0
LAST,4653874,596,417,179,25,0.1397,0.8603,10,0.055866,10,2.5,0.84,0,0,,0,10,0.0
LAST,4653876,596,417,179,23,0.1285,0.8715,12,0.067039,12,1.0,0.6957,0,0,,0,12,0.0
LAST,4653879,635,444,191,18,0.0942,0.9058,8,0.041885,8,1.5,0.7778,1,0,0.0,0,8,0.0
LAST,4653880,635,444,191,23,0.1204,0.8796,10,0.052356,10,1.0,0.7391,1,0,0.0,0,10,0.0
LAST,4653881,635,444,191,19,0.0995,0.9005,10,0.052356,10,1.5,0.7368,0,0,,0,10,0.0
LAST,4653882,635,444,191,16,0.0838,0.9162,10,0.052356,10,1.0,0.5625,1,0,0.0,0,10,0.0
LAST,4653883,635,444,191,14,0.0733,0.9267,8,0.041885,8,1.0,0.6429,1,1,1.0,1,7,0.125
LAST,4653885,635,444,191,23,0.1204,0.8796,11,0.057592,11,1.0,0.7391,0,0,,0,11,0.0
LAST,4653887,635,444,191,16,0.0838,0.9162,9,0.04712,9,1.0,0.6875,0,0,,0,9,0.0
LAST,4653888,635,444,191,18,0.0942,0.9058,14,0.073298,14,1.0,0.2778,0,0,,0,14,0.0
LAST,4653889,635,444,191,24,0.1257,0.8743,14,0.073298,14,1.0,0.6667,0,0,,0,14,0.0
LAST,4653890,635,444,191,15,0.0785,0.9215,12,0.062827,12,1.0,0.3333,0,0,,0,12,0.0
LAST,4653894,635,444,191,25,0.1309,0.8691,12,0.062827,12,2.5,0.8,0,0,,0,12,0.0
LAST,4653896,635,444,191,19,0.0995,0.9005,7,0.036649,7,3.0,0.8421,0,0,,0,7,0.0
LAST,4653987,582,407,175,15,0.0857,0.9143,8,0.045714,8,1.0,0.6,1,1,1.0,2,6,0.25
LAST,4653988,582,407,175,15,0.0857,0.9143,8,0.045714,8,1.0,0.6,1,1,1.0,1,7,0.125
LAST,4653989,582,407,175,21,0.12,0.88,12,0.068571,12,1.0,0.619,1,1,1.0,1,11,0.0833
LAST,4653990,582,407,175,19,0.1086,0.8914,11,0.062857,11,1.0,0.5789,1,1,1.0,1,10,0.0909
LAST,4653991,582,407,175,18,0.1029,0.8971,10,0.057143,10,1.0,0.6111,1,1,1.0,2,8,0.2
LAST,4653996,582,407,175,22,0.1257,0.8743,13,0.074286,13,1.0,0.6364,1,0,0.0,0,13,0.0
LAST,4653997,582,407,175,22,0.1257,0.8743,13,0.074286,13,1.0,0.6364,1,0,0.0,0,13,0.0
LAST,4653998,582,407,175,13,0.0743,0.9257,9,0.051429,9,1.0,0.4615,0,0,,0,9,0.0
LAST,4653999,582,407,175,22,0.1257,0.8743,13,0.074286,13,1.0,0.6364,1,0,0.0,0,13,0.0
LAST,4654000,582,407,175,18,0.1029,0.8971,8,0.045714,8,1.0,0.7222,1,0,0.0,0,8,0.0
LAST,4654002,582,407,175,25,0.1429,0.8571,14,0.08,14,1.0,0.6,1,1,1.0,1,13,0.0714
LAST,4654004,582,407,175,22,0.1257,0.8743,15,0.085714,15,1.0,0.4545,0,0,,0,15,0.0
LAST,4654023,598,418,180,14,0.0778,0.9222,5,0.027778,5,3.0,0.8571,1,0,0.0,0,5,0.0
LAST,4654024,598,418,180,15,0.0833,0.9167,6,0.033333,6,2.0,0.8,1,0,0.0,0,6,0.0
LAST,4654025,598,418,180,23,0.1278,0.8722,6,0.033333,6,4.5,0.9565,1,0,0.0,0,6,0.0
LAST,4654026,598,418,180,16,0.0889,0.9111,6,0.033333,6,3.0,0.875,1,0,0.0,0,6,0.0
LAST,4654027,598,418,180,14,0.0778,0.9222,5,0.027778,5,3.0,0.8571,1,0,0.0,0,5,0.0
LAST,4654033,598,418,180,17,0.0944,0.9056,7,0.038889,7,3.0,0.8235,1,1,1.0,2,5,0.2857
LAST,4654034,598,418,180,22,0.1222,0.8778,12,0.066667,12,1.5,0.7273,0,0,,0,12,0.0
LAST,4654035,598,418,180,20,0.1111,0.8889,8,0.044444,8,3.0,0.85,1,1,1.0,2,6,0.25
LAST,4654036,598,418,180,13,0.0722,0.9278,7,0.038889,7,1.0,0.6923,0,0,,0,7,0.0
LAST,4654041,561,392,169,18,0.1065,0.8935,9,0.053254,9,1.0,0.7222,1,1,1.0,2,7,0.2222
LAST,4654042,561,392,169,10,0.0592,0.9408,10,0.059172,10,1.0,0.0,1,1,1.0,2,8,0.2
LAST,4654044,561,392,169,16,0.0947,0.9053,10,0.059172,10,1.0,0.5625,1,1,1.0,1,9,0.1
LAST,4654045,561,392,169,18,0.1065,0.8935,9,0.053254,9,2.0,0.7778,1,1,1.0,1,8,0.1111
LAST,4654050,561,392,169,24,0.142,0.858,13,0.076923,13,1.0,0.6667,1,0,0.0,0,13,0.0
LAST,4654051,561,392,169,19,0.1124,0.8876,12,0.071006,12,1.0,0.4737,0,0,,0,12,0.0
LAST,4654054,561,392,169,20,0.1183,0.8817,10,0.059172,10,1.0,0.7,0,0,,0,10,0.0
LAST,4654059,606,424,182,26,0.1429,0.8571,11,0.06044,11,1.0,0.7692,1,0,0.0,0,11,0.0
LAST,4654060,606,424,182,26,0.1429,0.8571,10,0.054945,10,3.0,0.8462,1,0,0.0,0,10,0.0
LAST,4654062,606,424,182,25,0.1374,0.8626,11,0.06044,11,3.0,0.8,1,0,0.0,0,11,0.0
LAST,4654063,606,424,182,30,0.1648,0.8352,12,0.065934,12,3.0,0.8667,1,0,0.0,0,12,0.0
LAST,4654068,606,424,182,24,0.1319,0.8681,10,0.054945,10,1.0,0.75,1,1,1.0,1,9,0.1
LAST,4654069,606,424,182,21,0.1154,0.8846,11,0.06044,11,1.0,0.619,1,1,1.0,1,10,0.0909
LAST,4654071,606,424,182,24,0.1319,0.8681,12,0.065934,12,1.0,0.625,1,1,1.0,1,11,0.0833
LAST,4654072,606,424,182,20,0.1099,0.8901,12,0.065934,12,1.0,0.65,2,2,1.0,1,11,0.0833
LAST,4654074,606,424,182,25,0.1374,0.8626,12,0.065934,12,1.0,0.68,1,1,1.0,1,11,0.0833
LAST,4654076,606,424,182,29,0.1593,0.8407,15,0.082418,15,1.0,0.6897,1,1,1.0,1,14,0.0667
LAST,4654077,565,395,170,17,0.1,0.9,8,0.047059,8,1.0,0.7059,1,1,1.0,1,7,0.125
LAST,4654078,565,395,170,18,0.1059,0.8941,9,0.052941,9,1.0,0.6667,1,1,1.0,1,8,0.1111
LAST,4654080,565,395,170,17,0.1,0.9,10,0.058824,10,1.0,0.6471,1,1,1.0,2,8,0.2
LAST,4654081,565,395,170,17,0.1,0.9,7,0.041176,7,3.0,0.8235,1,1,1.0,1,6,0.1429
LAST,4654086,565,395,170,21,0.1235,0.8765,12,0.070588,12,1.0,0.619,0,0,,0,12,0.0
LAST,4654095,619,433,186,16,0.086,0.914,8,0.043011,8,2.0,0.75,1,0,0.0,0,8,0.0
LAST,4654096,619,433,186,14,0.0753,0.9247,8,0.043011,8,1.0,0.6429,1,0,0.0,0,8,0.0
LAST,4654097,619,433,186,18,0.0968,0.9032,11,0.05914,11,1.0,0.5,1,0,0.0,0,11,0.0
LAST,4654098,619,433,186,14,0.0753,0.9247,8,0.043011,8,1.0,0.6429,1,0,0.0,0,8,0.0
LAST,4654099,619,433,186,13,0.0699,0.9301,7,0.037634,7,1.0,0.6923,1,0,0.0,0,7,0.0
LAST,4654101,619,433,186,21,0.1129,0.8871,11,0.05914,11,1.0,0.7143,0,0,,0,11,0.0
LAST,4654104,619,433,186,20,0.1075,0.8925,10,0.053763,10,1.0,0.65,1,1,1.0,1,9,0.1
LAST,4654105,619,433,186,20,0.1075,0.8925,10,0.053763,10,1.0,0.65,1,1,1.0,1,9,0.1
LAST,4654106,619,433,186,23,0.1237,0.8763,15,0.080645,15,1.0,0.6087,0,0,,0,15,0.0
LAST,4654107,619,433,186,20,0.1075,0.8925,10,0.053763,10,1.0,0.65,1,1,1.0,1,9,0.1
LAST,4654108,619,433,186,26,0.1398,0.8602,11,0.05914,11,2.0,0.8077,1,1,1.0,2,9,0.1818
LAST,4654110,619,433,186,18,0.0968,0.9032,9,0.048387,9,1.0,0.7222,0,0,,0,9,0.0
LAST,4654112,619,433,186,23,0.1237,0.8763,11,0.05914,11,1.0,0.6522,0,0,,0,11,0.0
LAST,4654114,593,415,178,21,0.118,0.882,11,0.061798,11,1.0,0.6667,1,0,0.0,0,11,0.0
LAST,4654116,593,415,178,22,0.1236,0.8764,11,0.061798,11,1.0,0.6364,1,0,0.0,0,11,0.0
LAST,4654119,593,415,178,31,0.1742,0.8258,16,0.089888,16,1.0,0.7097,0,0,,0,16,0.0
LAST,4654123,593,415,178,12,0.0674,0.9326,9,0.050562,9,1.0,0.4167,0,0,,0,9,0.0
LAST,4654124,593,415,178,20,0.1124,0.8876,10,0.05618,10,1.0,0.7,1,1,1.0,1,9,0.1
LAST,4654126,593,415,178,21,0.118,0.882,9,0.050562,9,2.0,0.8095,0,0,,0,9,0.0
LAST,4654128,593,415,178,20,0.1124,0.8876,10,0.05618,10,1.0,0.7,0,0,,0,10,0.0
LAST,4654134,589,412,177,18,0.1017,0.8983,9,0.050847,9,2.0,0.7778,1,1,1.0,1,8,0.1111
LAST,4654135,589,412,177,14,0.0791,0.9209,7,0.039548,7,2.0,0.7857,1,1,1.0,1,6,0.1429
LAST,4654144,589,412,177,23,0.1299,0.8701,10,0.056497,10,2.0,0.7826,0,0,,0,10,0.0
LAST,4654149,594,415,179,14,0.0782,0.9218,10,0.055866,10,1.0,0.4286,1,1,1.0,2,8,0.2
LAST,4654312,614,429,185,25,0.1351,0.8649,14,0.075676,14,1.0,0.64,1,1,1.0,1,13,0.0714
LAST,4654313,614,429,185,19,0.1027,0.8973,10,0.054054,10,1.0,0.6842,1,0,0.0,0,10,0.0
LAST,4654314,614,429,185,20,0.1081,0.8919,12,0.064865,12,1.0,0.6,1,1,1.0,1,11,0.0833
LAST,4654316,614,429,185,23,0.1243,0.8757,13,0.07027,13,1.0,0.6087,1,1,1.0,1,12,0.0769
LAST,4654318,614,429,185,21,0.1135,0.8865,10,0.054054,10,2.0,0.7619,1,1,1.0,1,9,0.1
LAST,4654321,614,429,185,15,0.0811,0.9189,8,0.043243,8,1.0,0.6,1,1,1.0,1,7,0.125
LAST,4654322,614,429,185,18,0.0973,0.9027,9,0.048649,9,1.0,0.6667,1,1,1.0,1,8,0.1111
LAST,4654323,614,429,185,13,0.0703,0.9297,8,0.043243,8,1.0,0.5385,1,1,1.0,1,7,0.125
LAST,4654324,614,429,185,25,0.1351,0.8649,12,0.064865,12,1.0,0.72,1,1,1.0,2,10,0.1667
LAST,4654325,614,429,185,23,0.1243,0.8757,11,0.059459,11,1.0,0.6522,2,1,0.5,1,10,0.0909
LAST,4654327,614,429,185,17,0.0919,0.9081,10,0.054054,10,1.0,0.5294,1,1,1.0,1,9,0.1
LAST,4654329,614,429,185,17,0.0919,0.9081,9,0.048649,9,1.0,0.6471,1,1,1.0,1,8,0.1111
LAST,4654330,613,429,184,16,0.087,0.913,9,0.048913,9,1.0,0.6875,1,1,1.0,1,8,0.1111
LAST,4654331,613,429,184,14,0.0761,0.9239,8,0.043478,8,1.0,0.6429,1,1,1.0,1,7,0.125
LAST,4654333,613,429,184,16,0.087,0.913,8,0.043478,8,2.0,0.75,1,1,1.0,1,7,0.125
LAST,4654334,613,429,184,14,0.0761,0.9239,8,0.043478,8,1.0,0.6429,1,1,1.0,1,7,0.125
LAST,4654340,613,429,184,21,0.1141,0.8859,17,0.092391,17,1.0,0.381,0,0,,0,17,0.0
LAST,4654343,613,429,184,19,0.1033,0.8967,9,0.048913,9,1.0,0.7368,0,0,,0,9,0.0
LAST,4654345,613,429,184,20,0.1087,0.8913,13,0.070652,13,1.0,0.6,0,0,,0,13,0.0
LAST,4654347,613,429,184,17,0.0924,0.9076,11,0.059783,11,1.0,0.5294,1,1,1.0,2,9,0.1818
LAST,4654348,521,364,157,13,0.0828,0.9172,6,0.038217,6,2.5,0.8462,1,1,1.0,2,4,0.3333
LAST,4654349,521,364,157,11,0.0701,0.9299,7,0.044586,7,1.0,0.5455,1,1,1.0,2,5,0.2857
LAST,4654350,521,364,157,10,0.0637,0.9363,8,0.050955,8,1.0,0.3,1,1,1.0,2,6,0.25
LAST,4654351,521,364,157,9,0.0573,0.9427,7,0.044586,7,1.0,0.3333,1,1,1.0,2,5,0.2857
LAST,4654352,521,364,157,9,0.0573,0.9427,7,0.044586,7,1.0,0.3333,1,1,1.0,2,5,0.2857
LAST,4654359,521,364,157,22,0.1401,0.8599,9,0.057325,9,3.0,0.8182,0,0,,0,9,0.0
LAST,4654361,521,364,157,13,0.0828,0.9172,5,0.031847,5,3.0,0.9231,0,0,,0,5,0.0
LAST,4654384,576,403,173,18,0.104,0.896,8,0.046243,8,2.0,0.7778,1,1,1.0,2,6,0.25
LAST,4654385,576,403,173,17,0.0983,0.9017,7,0.040462,7,3.0,0.8235,1,1,1.0,1,6,0.1429
LAST,4654387,576,403,173,18,0.104,0.896,8,0.046243,8,2.0,0.7778,1,1,1.0,2,6,0.25
LAST,4654388,576,403,173,16,0.0925,0.9075,6,0.034682,6,3.0,0.875,1,1,1.0,2,4,0.3333
LAST,4654393,576,403,173,22,0.1272,0.8728,14,0.080925,14,1.0,0.5455,0,0,,0,14,0.0
LAST,4654394,576,403,173,26,0.1503,0.8497,14,0.080925,14,1.0,0.6538,0,0,,0,14,0.0
LAST,4654395,576,403,173,17,0.0983,0.9017,13,0.075145,13,1.0,0.3529,0,0,,0,13,0.0
LAST,4654396,576,403,173,29,0.1676,0.8324,15,0.086705,15,1.0,0.6897,0,0,,0,15,0.0
LAST,4654397,576,403,173,32,0.185,0.815,15,0.086705,15,1.0,0.75,0,0,,0,15,0.0
LAST,4654399,576,403,173,31,0.1792,0.8208,13,0.075145,13,1.0,0.7742,0,0,,0,13,0.0
LAST,4654421,565,395,170,13,0.0765,0.9235,8,0.047059,8,1.0,0.6154,1,1,1.0,1,7,0.125
LAST,4654423,565,395,170,22,0.1294,0.8706,10,0.058824,10,2.0,0.7727,1,1,1.0,1,9,0.1
LAST,4654430,565,395,170,19,0.1118,0.8882,11,0.064706,11,1.0,0.5789,0,0,,0,11,0.0
LAST,4654510,589,412,177,18,0.1017,0.8983,10,0.056497,10,1.0,0.6111,1,0,0.0,0,10,0.0
LAST,4654511,589,412,177,14,0.0791,0.9209,8,0.045198,8,1.0,0.5714,1,0,0.0,0,8,0.0
LAST,4654512,589,412,177,13,0.0734,0.9266,11,0.062147,11,1.0,0.2308,1,1,1.0,1,10,0.0909
LAST,4654513,589,412,177,17,0.096,0.904,12,0.067797,12,1.0,0.4706,1,0,0.0,0,12,0.0
LAST,4654514,589,412,177,17,0.096,0.904,9,0.050847,9,1.0,0.6471,1,0,0.0,0,9,0.0
LAST,4654564,574,401,173,4,0.0231,0.9769,4,0.023121,4,1.0,0.0,1,1,1.0,1,3,0.25
LAST,4654566,574,401,173,11,0.0636,0.9364,10,0.057803,10,1.0,0.1818,1,1,1.0,1,9,0.1
LAST,4654567,574,401,173,6,0.0347,0.9653,6,0.034682,6,1.0,0.0,1,0,0.0,0,6,0.0
LAST,4654568,574,401,173,5,0.0289,0.9711,5,0.028902,5,1.0,0.0,1,1,1.0,1,4,0.2
LAST,4654573,574,401,173,20,0.1156,0.8844,11,0.063584,11,1.0,0.65,1,1,1.0,1,10,0.0909
LAST,4654575,574,401,173,24,0.1387,0.8613,8,0.046243,8,2.5,0.875,1,1,1.0,1,7,0.125
LAST,4654576,574,401,173,19,0.1098,0.8902,9,0.052023,9,1.0,0.7368,1,1,1.0,1,8,0.1111
LAST,4654577,574,401,173,17,0.0983,0.9017,9,0.052023,9,1.0,0.6471,1,1,1.0,1,8,0.1111
LAST,4654581,574,401,173,25,0.1445,0.8555,17,0.098266,17,1.0,0.48,1,1,1.0,2,15,0.1176
LAST,4654582,586,410,176,13,0.0739,0.9261,9,0.051136,9,1.0,0.4615,1,0,0.0,0,9,0.0
LAST,4654583,586,410,176,13,0.0739,0.9261,8,0.045455,8,1.0,0.6154,1,0,0.0,0,8,0.0
LAST,4654584,586,410,176,18,0.1023,0.8977,8,0.045455,8,2.0,0.7778,1,1,1.0,1,7,0.125
LAST,4654585,586,410,176,14,0.0795,0.9205,9,0.051136,9,1.0,0.5714,1,0,0.0,0,9,0.0
LAST,4654586,586,410,176,14,0.0795,0.9205,11,0.0625,11,1.0,0.3571,1,0,0.0,0,11,0.0
LAST,4654590,586,410,176,20,0.1136,0.8864,11,0.0625,11,1.0,0.65,0,0,,0,11,0.0
LAST,4654594,586,410,176,30,0.1705,0.8295,12,0.068182,12,2.0,0.8333,0,0,,0,12,0.0
LAST,4654595,586,410,176,22,0.125,0.875,13,0.073864,13,1.0,0.6364,0,0,,0,13,0.0
LAST,4654599,586,410,176,18,0.1023,0.8977,12,0.068182,12,1.0,0.5,0,0,,0,12,0.0
LAST,4654636,577,403,174,15,0.0862,0.9138,8,0.045977,8,1.5,0.7333,1,1,1.0,1,7,0.125
LAST,4654637,577,403,174,23,0.1322,0.8678,10,0.057471,10,2.5,0.8261,1,1,1.0,1,9,0.1
LAST,4654638,577,403,174,15,0.0862,0.9138,11,0.063218,11,1.0,0.4,0,0,,0,11,0.0
LAST,4654639,577,403,174,25,0.1437,0.8563,12,0.068966,12,1.5,0.76,1,1,1.0,1,11,0.0833
LAST,4654640,577,403,174,18,0.1034,0.8966,10,0.057471,10,1.0,0.6667,1,1,1.0,1,9,0.1
LAST,4654646,577,403,174,22,0.1264,0.8736,13,0.074713,13,1.0,0.6364,0,0,,0,13,0.0
LAST,4654647,577,403,174,25,0.1437,0.8563,11,0.063218,11,1.0,0.72,0,0,,0,11,0.0
LAST,4654649,577,403,174,27,0.1552,0.8448,9,0.051724,9,3.0,0.8889,0,0,,0,9,0.0
LAST,4654651,577,403,174,30,0.1724,0.8276,11,0.063218,11,1.0,0.8,0,0,,0,11,0.0
LAST,4654654,594,415,179,27,0.1508,0.8492,14,0.078212,14,1.5,0.7407,1,1,1.0,1,13,0.0714
LAST,4654655,594,415,179,22,0.1229,0.8771,10,0.055866,10,1.5,0.7727,1,1,1.0,2,8,0.2
LAST,4654657,594,415,179,17,0.095,0.905,9,0.050279,9,1.0,0.6471,1,1,1.0,1,8,0.1111
LAST,4654658,594,415,179,15,0.0838,0.9162,11,0.061453,11,1.0,0.4,1,1,1.0,1,10,0.0909
LAST,4654660,594,415,179,18,0.1006,0.8994,8,0.044693,8,1.0,0.7222,0,0,,0,8,0.0
LAST,4654663,594,415,179,28,0.1564,0.8436,13,0.072626,13,2.0,0.7857,0,0,,0,13,0.0
LAST,4654664,594,415,179,30,0.1676,0.8324,15,0.083799,15,1.0,0.7333,0,0,,0,15,0.0
LAST,4654665,594,415,179,25,0.1397,0.8603,12,0.067039,12,1.0,0.72,0,0,,0,12,0.0
LAST,4654666,594,415,179,28,0.1564,0.8436,14,0.078212,14,1.0,0.7143,0,0,,0,14,0.0
LAST,4654667,594,415,179,16,0.0894,0.9106,10,0.055866,10,1.0,0.5625,0,0,,0,10,0.0
LAST,4654669,594,415,179,23,0.1285,0.8715,12,0.067039,12,1.0,0.6957,0,0,,0,12,0.0
LAST,4654671,594,415,179,28,0.1564,0.8436,11,0.061453,11,3.0,0.8571,0,0,,0,11,0.0
LAST,4654673,583,408,175,16,0.0914,0.9086,11,0.062857,11,1.0,0.5,1,1,1.0,1,10,0.0909
LAST,4654675,583,408,175,22,0.1257,0.8743,11,0.062857,11,1.0,0.7273,1,1,1.0,1,10,0.0909
LAST,4654676,583,408,175,20,0.1143,0.8857,11,0.062857,11,1.0,0.65,1,1,1.0,1,10,0.0909
LAST,4654678,583,408,175,16,0.0914,0.9086,8,0.045714,8,1.0,0.625,0,0,,0,8,0.0
LAST,4654681,583,408,175,21,0.12,0.88,12,0.068571,12,1.0,0.6667,0,0,,0,12,0.0
LAST,4654684,583,408,175,25,0.1429,0.8571,6,0.034286,6,5.0,0.92,0,0,,0,6,0.0
LAST,4669835,2604,1822,782,36,0.046,0.954,33,0.042199,33,1.0,0.1389,0,0,,0,33,0.0
LAST,4670242,612,428,184,11,0.0598,0.9402,8,0.043478,8,1.0,0.3636,0,0,,0,8,0.0
LAST,4670243,612,428,184,11,0.0598,0.9402,8,0.043478,8,1.0,0.3636,0,0,,0,8,0.0
LAST,4670245,612,428,184,19,0.1033,0.8967,9,0.048913,9,1.0,0.7368,0,0,,0,9,0.0
LAST,4969001,213,149,64,4,0.0625,0.9375,4,0.0625,4,1.0,0.0,1,1,1.0,1,3,0.25
LAST,4969017,245,171,74,5,0.0676,0.9324,5,0.067568,5,1.0,0.0,1,1,1.0,1,4,0.2
LAST,4969020,203,142,61,4,0.0656,0.9344,4,0.065574,4,1.0,0.0,0,0,,0,4,0.0
LAST,4969022,234,163,71,8,0.1127,0.8873,3,0.042254,3,3.0,0.875,0,0,,0,3,0.0
LAST,4969030,226,158,68,11,0.1618,0.8382,9,0.132353,9,1.0,0.3636,0,0,,0,9,0.0
LAST,4969038,215,150,65,3,0.0462,0.9538,2,0.030769,2,1.5,0.6667,0,0,,0,2,0.0
SMA,4653699,602,421,181,18,0.0994,0.9006,9,0.049724,9,1.0,0.6111,1,1,1.0,1,8,0.1111
SMA,4653700,602,421,181,14,0.0773,0.9227,10,0.055249,10,1.0,0.3571,1,1,1.0,1,9,0.1
SMA,4653701,602,421,181,12,0.0663,0.9337,8,0.044199,8,1.0,0.4167,1,1,1.0,1,7,0.125
SMA,4653702,602,421,181,14,0.0773,0.9227,10,0.055249,10,1.0,0.3571,1,1,1.0,1,9,0.1
SMA,4653705,602,421,181,17,0.0939,0.9061,6,0.033149,6,1.0,0.7647,1,1,1.0,1,5,0.1667
SMA,4653708,602,421,181,8,0.0442,0.9558,8,0.044199,8,1.0,0.0,0,0,,0,8,0.0
SMA,4653709,602,421,181,18,0.0994,0.9006,9,0.049724,9,1.0,0.6111,0,0,,0,9,0.0
SMA,4653710,602,421,181,15,0.0829,0.9171,8,0.044199,8,1.0,0.6,0,0,,0,8,0.0
SMA,4653716,602,421,181,16,0.0884,0.9116,8,0.044199,8,1.0,0.625,1,1,1.0,1,7,0.125
SMA,4653771,562,393,169,11,0.0651,0.9349,7,0.04142,7,1.0,0.4545,1,1,1.0,1,6,0.1429
SMA,4653772,562,393,169,14,0.0828,0.9172,9,0.053254,9,1.0,0.4286,1,1,1.0,1,8,0.1111
SMA,4653782,562,393,169,60,0.355,0.645,16,0.094675,16,1.0,0.8333,0,0,,0,16,0.0
SMA,4653789,579,405,174,10,0.0575,0.9425,5,0.028736,5,1.0,0.6,1,1,1.0,1,4,0.2
SMA,4653790,579,405,174,13,0.0747,0.9253,8,0.045977,8,1.0,0.4615,1,1,1.0,2,6,0.25
SMA,4653792,579,405,174,13,0.0747,0.9253,8,0.045977,8,1.0,0.4615,1,1,1.0,1,7,0.125
SMA,4653793,579,405,174,13,0.0747,0.9253,8,0.045977,8,1.0,0.4615,1,1,1.0,1,7,0.125
SMA,4653825,567,396,171,11,0.0643,0.9357,7,0.040936,7,1.0,0.4545,1,1,1.0,1,6,0.1429
SMA,4653826,567,396,171,11,0.0643,0.9357,7,0.040936,7,1.0,0.4545,1,1,1.0,1,6,0.1429
SMA,4653828,567,396,171,13,0.076,0.924,8,0.046784,8,1.0,0.4615,1,1,1.0,1,7,0.125
SMA,4653829,567,396,171,10,0.0585,0.9415,5,0.02924,5,1.0,0.6,1,1,1.0,1,4,0.2
SMA,4653838,567,396,171,10,0.0585,0.9415,9,0.052632,9,1.0,0.2,0,0,,0,9,0.0
SMA,4653840,567,396,171,16,0.0936,0.9064,13,0.076023,13,1.0,0.3125,0,0,,0,13,0.0
SMA,4653842,567,396,171,18,0.1053,0.8947,14,0.081871,14,1.0,0.2778,0,0,,0,14,0.0
SMA,4653861,596,417,179,18,0.1006,0.8994,9,0.050279,9,1.0,0.6667,1,1,1.0,2,7,0.2222
SMA,4653862,596,417,179,18,0.1006,0.8994,9,0.050279,9,1.0,0.6667,1,1,1.0,2,7,0.2222
SMA,4653863,596,417,179,13,0.0726,0.9274,6,0.03352,6,1.0,0.6923,1,1,1.0,1,5,0.1667
SMA,4653864,596,417,179,17,0.095,0.905,7,0.039106,7,1.0,0.7059,1,1,1.0,1,6,0.1429
SMA,4653865,596,417,179,16,0.0894,0.9106,6,0.03352,6,1.0,0.75,1,1,1.0,1,5,0.1667
SMA,4653867,596,417,179,36,0.2011,0.7989,16,0.089385,16,2.0,0.8333,0,0,,0,16,0.0
SMA,4653869,596,417,179,22,0.1229,0.8771,14,0.078212,14,1.0,0.5455,0,0,,0,14,0.0
SMA,4653870,596,417,179,12,0.067,0.933,8,0.044693,8,1.0,0.4167,0,0,,0,8,0.0
SMA,4653871,596,417,179,11,0.0615,0.9385,10,0.055866,10,1.0,0.1818,0,0,,0,10,0.0
SMA,4653873,596,417,179,13,0.0726,0.9274,8,0.044693,8,1.0,0.5385,0,0,,0,8,0.0
SMA,4653874,596,417,179,13,0.0726,0.9274,7,0.039106,7,1.0,0.5385,0,0,,0,7,0.0
SMA,4653876,596,417,179,23,0.1285,0.8715,14,0.078212,14,1.0,0.5652,0,0,,0,14,0.0
SMA,4653879,635,444,191,15,0.0785,0.9215,8,0.041885,8,1.0,0.6,1,1,1.0,1,7,0.125
SMA,4653880,635,444,191,21,0.1099,0.8901,8,0.041885,8,1.5,0.8095,1,1,1.0,1,7,0.125
SMA,4653881,635,444,191,11,0.0576,0.9424,10,0.052356,10,1.0,0.1818,0,0,,0,10,0.0
SMA,4653882,635,444,191,13,0.0681,0.9319,7,0.036649,7,1.0,0.5385,1,1,1.0,2,5,0.2857
SMA,4653883,635,444,191,14,0.0733,0.9267,9,0.04712,9,1.0,0.5714,1,1,1.0,2,7,0.2222
SMA,4653885,635,444,191,19,0.0995,0.9005,10,0.052356,10,1.0,0.5789,0,0,,0,10,0.0
SMA,4653887,635,444,191,13,0.0681,0.9319,9,0.04712,9,1.0,0.4615,0,0,,0,9,0.0
SMA,4653888,635,444,191,25,0.1309,0.8691,18,0.094241,18,1.0,0.48,0,0,,0,18,0.0
SMA,4653889,635,444,191,28,0.1466,0.8534,15,0.078534,15,1.0,0.6429,0,0,,0,15,0.0
SMA,4653890,635,444,191,25,0.1309,0.8691,15,0.078534,15,1.0,0.6,0,0,,0,15,0.0
SMA,4653894,635,444,191,29,0.1518,0.8482,13,0.068063,13,1.0,0.7241,0,0,,0,13,0.0
SMA,4653896,635,444,191,28,0.1466,0.8534,12,0.062827,12,1.0,0.75,0,0,,0,12,0.0
SMA,4653987,582,407,175,10,0.0571,0.9429,5,0.028571,5,1.0,0.7,1,1,1.0,1,4,0.2
SMA,4653988,582,407,175,10,0.0571,0.9429,5,0.028571,5,1.0,0.7,1,1,1.0,1,4,0.2
SMA,4653989,582,407,175,15,0.0857,0.9143,8,0.045714,8,1.0,0.6,1,1,1.0,1,7,0.125
SMA,4653990,582,407,175,12,0.0686,0.9314,6,0.034286,6,1.0,0.6667,1,1,1.0,1,5,0.1667
SMA,4653991,582,407,175,12,0.0686,0.9314,7,0.04,7,1.0,0.5833,1,1,1.0,1,6,0.1429
SMA,4653996,582,407,175,21,0.12,0.88,11,0.062857,11,1.0,0.619,1,0,0.0,0,11,0.0
SMA,4653997,582,407,175,21,0.12,0.88,11,0.062857,11,1.0,0.619,1,0,0.0,0,11,0.0
SMA,4653998,582,407,175,10,0.0571,0.9429,10,0.057143,10,1.0,0.0,0,0,,0,10,0.0
SMA,4653999,582,407,175,21,0.12,0.88,11,0.062857,11,1.0,0.619,1,0,0.0,0,11,0.0
SMA,4654000,582,407,175,21,0.12,0.88,9,0.051429,9,1.0,0.6667,1,0,0.0,0,9,0.0
SMA,4654002,582,407,175,24,0.1371,0.8629,10,0.057143,10,1.0,0.7083,1,1,1.0,1,9,0.1
SMA,4654004,582,407,175,21,0.12,0.88,13,0.074286,13,1.0,0.5714,0,0,,0,13,0.0
SMA,4654023,598,418,180,12,0.0667,0.9333,6,0.033333,6,1.0,0.6667,1,0,0.0,0,6,0.0
SMA,4654024,598,418,180,10,0.0556,0.9444,6,0.033333,6,1.0,0.5,1,0,0.0,0,6,0.0
SMA,4654025,598,418,180,10,0.0556,0.9444,7,0.038889,7,1.0,0.5,1,0,0.0,0,7,0.0
SMA,4654026,598,418,180,5,0.0278,0.9722,5,0.027778,5,1.0,0.0,1,0,0.0,0,5,0.0
SMA,4654027,598,418,180,12,0.0667,0.9333,8,0.044444,8,1.0,0.5833,1,0,0.0,0,8,0.0
SMA,4654033,598,418,180,19,0.1056,0.8944,7,0.038889,7,1.0,0.7895,1,1,1.0,1,6,0.1429
SMA,4654034,598,418,180,15,0.0833,0.9167,13,0.072222,13,1.0,0.2,0,0,,0,13,0.0
SMA,4654035,598,418,180,16,0.0889,0.9111,6,0.033333,6,1.0,0.75,1,1,1.0,1,5,0.1667
SMA,4654036,598,418,180,17,0.0944,0.9056,6,0.033333,6,1.5,0.8235,0,0,,0,6,0.0
SMA,4654041,561,392,169,23,0.1361,0.8639,12,0.071006,12,1.0,0.6087,1,1,1.0,2,10,0.1667
SMA,4654042,561,392,169,20,0.1183,0.8817,11,0.065089,11,1.0,0.55,1,1,1.0,2,9,0.1818
SMA,4654044,561,392,169,18,0.1065,0.8935,11,0.065089,11,1.0,0.5,1,1,1.0,2,9,0.1818
SMA,4654045,561,392,169,26,0.1538,0.8462,10,0.059172,10,1.0,0.7692,1,1,1.0,2,8,0.2
SMA,4654050,561,392,169,18,0.1065,0.8935,11,0.065089,11,1.0,0.5556,1,1,1.0,1,10,0.0909
SMA,4654051,561,392,169,16,0.0947,0.9053,13,0.076923,13,1.0,0.3125,0,0,,0,13,0.0
SMA,4654054,561,392,169,19,0.1124,0.8876,12,0.071006,12,1.0,0.4737,0,0,,0,12,0.0
SMA,4654059,606,424,182,24,0.1319,0.8681,12,0.065934,12,1.0,0.7083,1,1,1.0,1,11,0.0833
SMA,4654060,606,424,182,18,0.0989,0.9011,10,0.054945,10,1.0,0.5556,1,1,1.0,1,9,0.1
SMA,4654062,606,424,182,17,0.0934,0.9066,9,0.049451,9,1.0,0.5882,1,1,1.0,1,8,0.1111
SMA,4654063,606,424,182,17,0.0934,0.9066,9,0.049451,9,1.0,0.5882,1,1,1.0,1,8,0.1111
SMA,4654068,606,424,182,28,0.1538,0.8462,14,0.076923,14,1.0,0.6786,1,1,1.0,1,13,0.0714
SMA,4654069,606,424,182,33,0.1813,0.8187,15,0.082418,15,2.0,0.7879,1,1,1.0,2,13,0.1333
SMA,4654071,606,424,182,29,0.1593,0.8407,16,0.087912,16,1.0,0.5862,1,1,1.0,1,15,0.0625
SMA,4654072,606,424,182,21,0.1154,0.8846,13,0.071429,13,1.0,0.4762,2,2,1.0,1,12,0.0769
SMA,4654074,606,424,182,37,0.2033,0.7967,15,0.082418,15,2.0,0.8108,1,1,1.0,1,14,0.0667
SMA,4654076,606,424,182,30,0.1648,0.8352,17,0.093407,17,1.0,0.6,1,1,1.0,1,16,0.0588
SMA,4654077,565,395,170,19,0.1118,0.8882,8,0.047059,8,1.0,0.6316,1,1,1.0,1,7,0.125
SMA,4654078,565,395,170,16,0.0941,0.9059,8,0.047059,8,1.0,0.5625,1,1,1.0,1,7,0.125
SMA,4654080,565,395,170,17,0.1,0.9,8,0.047059,8,1.0,0.6471,1,1,1.0,2,6,0.25
SMA,4654081,565,395,170,25,0.1471,0.8529,10,0.058824,10,1.0,0.72,1,1,1.0,1,9,0.1
SMA,4654086,565,395,170,18,0.1059,0.8941,13,0.076471,13,1.0,0.5,0,0,,0,13,0.0
SMA,4654095,619,433,186,14,0.0753,0.9247,9,0.048387,9,1.0,0.5,1,1,1.0,1,8,0.1111
SMA,4654096,619,433,186,17,0.0914,0.9086,11,0.05914,11,1.0,0.4706,1,1,1.0,1,10,0.0909
SMA,4654097,619,433,186,23,0.1237,0.8763,9,0.048387,9,1.0,0.7391,1,1,1.0,2,7,0.2222
SMA,4654098,619,433,186,18,0.0968,0.9032,10,0.053763,10,1.0,0.6111,1,1,1.0,1,9,0.1
SMA,4654099,619,433,186,17,0.0914,0.9086,9,0.048387,9,1.0,0.6471,1,1,1.0,1,8,0.1111
SMA,4654101,619,433,186,18,0.0968,0.9032,11,0.05914,11,1.0,0.5,0,0,,0,11,0.0
SMA,4654104,619,433,186,29,0.1559,0.8441,12,0.064516,12,1.5,0.7931,1,1,1.0,1,11,0.0833
SMA,4654105,619,433,186,29,0.1559,0.8441,12,0.064516,12,1.5,0.7931,1,1,1.0,1,11,0.0833
SMA,4654106,619,433,186,29,0.1559,0.8441,15,0.080645,15,1.0,0.6897,0,0,,0,15,0.0
SMA,4654107,619,433,186,32,0.172,0.828,13,0.069892,13,2.0,0.8125,1,1,1.0,1,12,0.0769
SMA,4654108,619,433,186,24,0.129,0.871,13,0.069892,13,1.0,0.625,1,1,1.0,1,12,0.0769
SMA,4654110,619,433,186,21,0.1129,0.8871,16,0.086022,16,1.0,0.381,0,0,,0,16,0.0
SMA,4654112,619,433,186,19,0.1022,0.8978,13,0.069892,13,1.0,0.3684,0,0,,0,13,0.0
SMA,4654114,593,415,178,24,0.1348,0.8652,11,0.061798,11,1.0,0.75,1,1,1.0,1,10,0.0909
SMA,4654116,593,415,178,17,0.0955,0.9045,10,0.05618,10,1.0,0.5882,1,1,1.0,1,9,0.1
SMA,4654119,593,415,178,26,0.1461,0.8539,16,0.089888,16,1.0,0.5769,0,0,,0,16,0.0
SMA,4654123,593,415,178,20,0.1124,0.8876,11,0.061798,11,1.0,0.6,0,0,,0,11,0.0
SMA,4654124,593,415,178,24,0.1348,0.8652,7,0.039326,7,1.0,0.8333,1,1,1.0,1,6,0.1429
SMA,4654126,593,415,178,20,0.1124,0.8876,7,0.039326,7,1.0,0.8,0,0,,0,7,0.0
SMA,4654128,593,415,178,19,0.1067,0.8933,11,0.061798,11,1.0,0.6316,0,0,,0,11,0.0
SMA,4654134,589,412,177,15,0.0847,0.9153,11,0.062147,11,1.0,0.4667,1,1,1.0,2,9,0.1818
SMA,4654135,589,412,177,12,0.0678,0.9322,9,0.050847,9,1.0,0.4167,1,1,1.0,2,7,0.2222
SMA,4654144,589,412,177,16,0.0904,0.9096,11,0.062147,11,1.0,0.4375,0,0,,0,11,0.0
SMA,4654149,594,415,179,25,0.1397,0.8603,13,0.072626,13,1.0,0.72,1,1,1.0,1,12,0.0769
SMA,4654312,614,429,185,26,0.1405,0.8595,13,0.07027,13,1.0,0.6923,1,1,1.0,2,11,0.1538
SMA,4654313,614,429,185,23,0.1243,0.8757,10,0.054054,10,1.0,0.7391,1,1,1.0,1,9,0.1
SMA,4654314,614,429,185,24,0.1297,0.8703,13,0.07027,13,1.0,0.625,1,1,1.0,2,11,0.1538
SMA,4654316,614,429,185,28,0.1514,0.8486,9,0.048649,9,2.0,0.8571,1,1,1.0,1,8,0.1111
SMA,4654318,614,429,185,27,0.1459,0.8541,11,0.059459,11,1.0,0.7037,1,1,1.0,1,10,0.0909
SMA,4654321,614,429,185,19,0.1027,0.8973,7,0.037838,7,1.0,0.7895,1,1,1.0,1,6,0.1429
SMA,4654322,614,429,185,17,0.0919,0.9081,8,0.043243,8,1.5,0.7647,1,1,1.0,2,6,0.25
SMA,4654323,614,429,185,24,0.1297,0.8703,8,0.043243,8,2.0,0.8333,1,1,1.0,1,7,0.125
SMA,4654324,614,429,185,20,0.1081,0.8919,8,0.043243,8,1.5,0.8,1,1,1.0,2,6,0.25
SMA,4654325,614,429,185,17,0.0919,0.9081,7,0.037838,7,1.0,0.7647,2,1,0.5,1,6,0.1429
SMA,4654327,614,429,185,21,0.1135,0.8865,10,0.054054,10,1.0,0.6667,1,1,1.0,1,9,0.1
SMA,4654329,614,429,185,23,0.1243,0.8757,7,0.037838,7,1.0,0.8261,1,1,1.0,1,6,0.1429
SMA,4654330,613,429,184,14,0.0761,0.9239,9,0.048913,9,1.0,0.4286,1,1,1.0,1,8,0.1111
SMA,4654331,613,429,184,17,0.0924,0.9076,8,0.043478,8,1.0,0.7059,1,1,1.0,1,7,0.125
SMA,4654333,613,429,184,14,0.0761,0.9239,9,0.048913,9,1.0,0.4286,1,1,1.0,1,8,0.1111
SMA,4654334,613,429,184,13,0.0707,0.9293,8,0.043478,8,1.0,0.4615,1,1,1.0,1,7,0.125
SMA,4654340,613,429,184,26,0.1413,0.8587,16,0.086957,16,1.0,0.5385,0,0,,0,16,0.0
SMA,4654343,613,429,184,13,0.0707,0.9293,9,0.048913,9,1.0,0.3846,0,0,,0,9,0.0
SMA,4654345,613,429,184,24,0.1304,0.8696,18,0.097826,18,1.0,0.375,0,0,,0,18,0.0
SMA,4654347,613,429,184,25,0.1359,0.8641,12,0.065217,12,1.0,0.72,1,1,1.0,1,11,0.0833
SMA,4654348,521,364,157,11,0.0701,0.9299,6,0.038217,6,1.0,0.5455,1,1,1.0,2,4,0.3333
SMA,4654349,521,364,157,11,0.0701,0.9299,6,0.038217,6,1.0,0.5455,1,1,1.0,2,4,0.3333
SMA,4654350,521,364,157,13,0.0828,0.9172,8,0.050955,8,1.0,0.4615,1,1,1.0,1,7,0.125
SMA,4654351,521,364,157,12,0.0764,0.9236,7,0.044586,7,1.0,0.5,1,1,1.0,2,5,0.2857
SMA,4654352,521,364,157,12,0.0764,0.9236,7,0.044586,7,1.0,0.5,1,1,1.0,2,5,0.2857
SMA,4654359,521,364,157,13,0.0828,0.9172,8,0.050955,8,1.0,0.6154,0,0,,0,8,0.0
SMA,4654361,521,364,157,5,0.0318,0.9682,5,0.031847,5,1.0,0.0,0,0,,0,5,0.0
SMA,4654384,576,403,173,16,0.0925,0.9075,7,0.040462,7,1.0,0.6875,1,1,1.0,2,5,0.2857
SMA,4654385,576,403,173,18,0.104,0.896,7,0.040462,7,1.0,0.7778,1,1,1.0,2,5,0.2857
SMA,4654387,576,403,173,16,0.0925,0.9075,7,0.040462,7,1.0,0.6875,1,1,1.0,2,5,0.2857
SMA,4654388,576,403,173,14,0.0809,0.9191,5,0.028902,5,1.0,0.7857,1,1,1.0,2,3,0.4
SMA,4654393,576,403,173,28,0.1618,0.8382,13,0.075145,13,1.0,0.6786,0,0,,0,13,0.0
SMA,4654394,576,403,173,24,0.1387,0.8613,14,0.080925,14,1.0,0.5417,0,0,,0,14,0.0
SMA,4654395,576,403,173,21,0.1214,0.8786,16,0.092486,16,1.0,0.381,0,0,,0,16,0.0
SMA,4654396,576,403,173,25,0.1445,0.8555,12,0.069364,12,1.0,0.68,0,0,,0,12,0.0
SMA,4654397,576,403,173,22,0.1272,0.8728,15,0.086705,15,1.0,0.4091,0,0,,0,15,0.0
SMA,4654399,576,403,173,19,0.1098,0.8902,12,0.069364,12,1.0,0.5263,0,0,,0,12,0.0
SMA,4654421,565,395,170,13,0.0765,0.9235,9,0.052941,9,1.0,0.4615,1,1,1.0,1,8,0.1111
SMA,4654423,565,395,170,14,0.0824,0.9176,12,0.070588,12,1.0,0.2143,1,1,1.0,1,11,0.0833
SMA,4654430,565,395,170,25,0.1471,0.8529,10,0.058824,10,1.0,0.76,0,0,,0,10,0.0
SMA,4654510,589,412,177,19,0.1073,0.8927,6,0.033898,6,2.0,0.8421,1,1,1.0,1,5,0.1667
SMA,4654511,589,412,177,16,0.0904,0.9096,7,0.039548,7,1.0,0.75,1,1,1.0,2,5,0.2857
SMA,4654512,589,412,177,19,0.1073,0.8927,8,0.045198,8,1.0,0.7368,1,1,1.0,1,7,0.125
SMA,4654513,589,412,177,20,0.113,0.887,8,0.045198,8,1.0,0.75,1,1,1.0,2,6,0.25
SMA,4654514,589,412,177,18,0.1017,0.8983,6,0.033898,6,1.0,0.7778,1,1,1.0,1,5,0.1667
SMA,4654564,574,401,173,98,0.5665,0.4335,19,0.109827,19,3.0,0.949,1,1,1.0,3,16,0.1579
SMA,4654566,574,401,173,40,0.2312,0.7688,15,0.086705,15,3.0,0.9,1,1,1.0,2,13,0.1333
SMA,4654567,574,401,173,77,0.4451,0.5549,18,0.104046,18,3.0,0.9481,1,1,1.0,2,16,0.1111
SMA,4654568,574,401,173,75,0.4335,0.5665,18,0.104046,18,3.0,0.9467,1,1,1.0,3,15,0.1667
SMA,4654573,574,401,173,19,0.1098,0.8902,10,0.057803,10,1.0,0.5789,1,1,1.0,1,9,0.1
SMA,4654575,574,401,173,19,0.1098,0.8902,9,0.052023,9,1.0,0.6842,1,1,1.0,1,8,0.1111
SMA,4654576,574,401,173,19,0.1098,0.8902,10,0.057803,10,1.0,0.5789,1,1,1.0,1,9,0.1
SMA,4654577,574,401,173,16,0.0925,0.9075,7,0.040462,7,1.0,0.6875,1,1,1.0,1,6,0.1429
SMA,4654581,574,401,173,31,0.1792,0.8208,13,0.075145,13,1.0,0.7742,1,1,1.0,3,10,0.2308
SMA,4654582,586,410,176,17,0.0966,0.9034,11,0.0625,11,1.0,0.4706,1,1,1.0,2,9,0.1818
SMA,4654583,586,410,176,10,0.0568,0.9432,6,0.034091,6,1.0,0.5,1,1,1.0,2,4,0.3333
SMA,4654584,586,410,176,16,0.0909,0.9091,11,0.0625,11,1.0,0.5625,1,1,1.0,3,8,0.2727
SMA,4654585,586,410,176,9,0.0511,0.9489,5,0.028409,5,1.0,0.5556,1,1,1.0,1,4,0.2
SMA,4654586,586,410,176,14,0.0795,0.9205,10,0.056818,10,1.0,0.3571,1,1,1.0,1,9,0.1
SMA,4654590,586,410,176,11,0.0625,0.9375,11,0.0625,11,1.0,0.0,0,0,,0,11,0.0
SMA,4654594,586,410,176,15,0.0852,0.9148,11,0.0625,11,1.0,0.4667,0,0,,0,11,0.0
SMA,4654595,586,410,176,12,0.0682,0.9318,11,0.0625,11,1.0,0.1667,0,0,,0,11,0.0
SMA,4654599,586,410,176,14,0.0795,0.9205,11,0.0625,11,1.0,0.3571,0,0,,0,11,0.0
SMA,4654636,577,403,174,24,0.1379,0.8621,12,0.068966,12,1.0,0.6667,1,1,1.0,1,11,0.0833
SMA,4654637,577,403,174,23,0.1322,0.8678,14,0.08046,14,1.0,0.5652,1,1,1.0,2,12,0.1429
SMA,4654638,577,403,174,24,0.1379,0.8621,15,0.086207,15,1.0,0.5417,0,0,,0,15,0.0
SMA,4654639,577,403,174,17,0.0977,0.9023,9,0.051724,9,1.0,0.5882,1,1,1.0,1,8,0.1111
SMA,4654640,577,403,174,20,0.1149,0.8851,9,0.051724,9,1.0,0.75,1,1,1.0,1,8,0.1111
SMA,4654646,577,403,174,23,0.1322,0.8678,14,0.08046,14,1.0,0.6087,0,0,,0,14,0.0
SMA,4654647,577,403,174,18,0.1034,0.8966,13,0.074713,13,1.0,0.4444,0,0,,0,13,0.0
SMA,4654649,577,403,174,17,0.0977,0.9023,7,0.04023,7,1.0,0.7647,0,0,,0,7,0.0
SMA,4654651,577,403,174,22,0.1264,0.8736,13,0.074713,13,1.0,0.6364,0,0,,0,13,0.0
SMA,4654654,594,415,179,25,0.1397,0.8603,12,0.067039,12,1.0,0.72,1,1,1.0,1,11,0.0833
SMA,4654655,594,415,179,21,0.1173,0.8827,11,0.061453,11,1.0,0.7143,1,1,1.0,1,10,0.0909
SMA,4654657,594,415,179,17,0.095,0.905,9,0.050279,9,1.0,0.5882,1,1,1.0,1,8,0.1111
SMA,4654658,594,415,179,12,0.067,0.933,6,0.03352,6,1.0,0.5833,1,1,1.0,1,5,0.1667
SMA,4654660,594,415,179,14,0.0782,0.9218,10,0.055866,10,1.0,0.5,0,0,,0,10,0.0
SMA,4654663,594,415,179,20,0.1117,0.8883,16,0.089385,16,1.0,0.3,0,0,,0,16,0.0
SMA,4654664,594,415,179,20,0.1117,0.8883,16,0.089385,16,1.0,0.3,0,0,,0,16,0.0
SMA,4654665,594,415,179,29,0.162,0.838,18,0.100559,18,1.0,0.6207,0,0,,0,18,0.0
SMA,4654666,594,415,179,21,0.1173,0.8827,15,0.083799,15,1.0,0.381,0,0,,0,15,0.0
SMA,4654667,594,415,179,18,0.1006,0.8994,17,0.094972,17,1.0,0.1111,0,0,,0,17,0.0
SMA,4654669,594,415,179,16,0.0894,0.9106,13,0.072626,13,1.0,0.3125,0,0,,0,13,0.0
SMA,4654671,594,415,179,17,0.095,0.905,13,0.072626,13,1.0,0.4118,0,0,,0,13,0.0
SMA,4654673,583,408,175,24,0.1371,0.8629,11,0.062857,11,1.0,0.6667,1,1,1.0,1,10,0.0909
SMA,4654675,583,408,175,17,0.0971,0.9029,11,0.062857,11,1.0,0.4706,1,1,1.0,1,10,0.0909
SMA,4654676,583,408,175,19,0.1086,0.8914,13,0.074286,13,1.0,0.4211,1,1,1.0,1,12,0.0769
SMA,4654678,583,408,175,9,0.0514,0.9486,7,0.04,7,1.0,0.3333,0,0,,0,7,0.0
SMA,4654681,583,408,175,14,0.08,0.92,13,0.074286,13,1.0,0.1429,0,0,,0,13,0.0
SMA,4654684,583,408,175,20,0.1143,0.8857,12,0.068571,12,1.0,0.6,0,0,,0,12,0.0
SMA,4669835,2604,1822,782,120,0.1535,0.8465,27,0.034527,27,5.0,0.95,0,0,,0,27,0.0
SMA,4670242,612,428,184,34,0.1848,0.8152,8,0.043478,8,5.0,0.9412,0,0,,0,8,0.0
SMA,4670243,612,428,184,34,0.1848,0.8152,8,0.043478,8,5.0,0.9412,0,0,,0,8,0.0
SMA,4670245,612,428,184,32,0.1739,0.8261,14,0.076087,14,1.0,0.7188,0,0,,0,14,0.0
SMA,4969001,213,149,64,10,0.1562,0.8438,2,0.03125,2,5.0,1.0,1,1,1.0,1,1,0.5
SMA,4969017,245,171,74,20,0.2703,0.7297,5,0.067568,5,3.0,0.95,1,1,1.0,1,4,0.2
SMA,4969020,203,142,61,4,0.0656,0.9344,4,0.065574,4,1.0,0.0,0,0,,0,4,0.0
SMA,4969022,234,163,71,4,0.0563,0.9437,4,0.056338,4,1.0,0.0,0,0,,0,4,0.0
SMA,4969030,226,158,68,12,0.1765,0.8235,5,0.073529,5,1.0,0.75,0,0,,0,5,0.0
SMA,4969038,215,150,65,1,0.0154,0.9846,1,0.015385,1,1.0,0.0,0,0,,0,1,0.0
EWMA,4653699,602,421,181,18,0.0994,0.9006,10,0.055249,10,1.0,0.6111,1,1,1.0,1,9,0.1
EWMA,4653700,602,421,181,13,0.0718,0.9282,10,0.055249,10,1.0,0.3077,1,1,1.0,1,9,0.1
EWMA,4653701,602,421,181,12,0.0663,0.9337,9,0.049724,9,1.0,0.3333,1,1,1.0,1,8,0.1111
EWMA,4653702,602,421,181,13,0.0718,0.9282,9,0.049724,9,1.0,0.4615,1,1,1.0,1,8,0.1111
EWMA,4653705,602,421,181,16,0.0884,0.9116,11,0.060773,11,1.0,0.5,1,1,1.0,1,10,0.0909
EWMA,4653708,602,421,181,16,0.0884,0.9116,11,0.060773,11,1.0,0.5,0,0,,0,11,0.0
EWMA,4653709,602,421,181,13,0.0718,0.9282,11,0.060773,11,1.0,0.2308,0,0,,0,11,0.0
EWMA,4653710,602,421,181,13,0.0718,0.9282,9,0.049724,9,1.0,0.4615,0,0,,0,9,0.0
EWMA,4653716,602,421,181,11,0.0608,0.9392,7,0.038674,7,1.0,0.4545,1,1,1.0,1,6,0.1429
EWMA,4653771,562,393,169,8,0.0473,0.9527,8,0.047337,8,1.0,0.0,1,1,1.0,1,7,0.125
EWMA,4653772,562,393,169,19,0.1124,0.8876,12,0.071006,12,1.0,0.4737,1,1,1.0,1,11,0.0833
EWMA,4653782,562,393,169,21,0.1243,0.8757,16,0.094675,16,1.0,0.4286,0,0,,0,16,0.0
EWMA,4653789,579,405,174,9,0.0517,0.9483,9,0.051724,9,1.0,0.0,1,1,1.0,2,7,0.2222
EWMA,4653790,579,405,174,10,0.0575,0.9425,10,0.057471,10,1.0,0.0,1,1,1.0,2,8,0.2
EWMA,4653792,579,405,174,13,0.0747,0.9253,12,0.068966,12,1.0,0.1538,1,1,1.0,2,10,0.1667
EWMA,4653793,579,405,174,18,0.1034,0.8966,14,0.08046,14,1.0,0.3333,1,1,1.0,2,12,0.1429
EWMA,4653825,567,396,171,7,0.0409,0.9591,7,0.040936,7,1.0,0.0,1,1,1.0,1,6,0.1429
EWMA,4653826,567,396,171,10,0.0585,0.9415,8,0.046784,8,1.0,0.3,1,1,1.0,1,7,0.125
EWMA,4653828,567,396,171,8,0.0468,0.9532,6,0.035088,6,1.0,0.375,1,1,1.0,1,5,0.1667
EWMA,4653829,567,396,171,8,0.0468,0.9532,6,0.035088,6,1.0,0.375,1,1,1.0,1,5,0.1667
EWMA,4653838,567,396,171,12,0.0702,0.9298,9,0.052632,9,1.0,0.3333,0,0,,0,9,0.0
EWMA,4653840,567,396,171,16,0.0936,0.9064,13,0.076023,13,1.0,0.3125,0,0,,0,13,0.0
EWMA,4653842,567,396,171,21,0.1228,0.8772,17,0.099415,17,1.0,0.3333,0,0,,0,17,0.0
EWMA,4653861,596,417,179,18,0.1006,0.8994,11,0.061453,11,1.0,0.5556,1,1,1.0,2,9,0.1818
EWMA,4653862,596,417,179,19,0.1061,0.8939,12,0.067039,12,1.0,0.5263,1,1,1.0,2,10,0.1667
EWMA,4653863,596,417,179,12,0.067,0.933,9,0.050279,9,1.0,0.4167,1,1,1.0,1,8,0.1111
EWMA,4653864,596,417,179,24,0.1341,0.8659,11,0.061453,11,1.0,0.75,1,1,1.0,2,9,0.1818
EWMA,4653865,596,417,179,21,0.1173,0.8827,9,0.050279,9,1.0,0.7619,1,1,1.0,1,8,0.1111
EWMA,4653867,596,417,179,31,0.1732,0.8268,20,0.111732,20,1.0,0.4839,0,0,,0,20,0.0
EWMA,4653869,596,417,179,19,0.1061,0.8939,17,0.094972,17,1.0,0.2105,0,0,,0,17,0.0
EWMA,4653870,596,417,179,15,0.0838,0.9162,11,0.061453,11,1.0,0.3333,0,0,,0,11,0.0
EWMA,4653871,596,417,179,10,0.0559,0.9441,10,0.055866,10,1.0,0.0,0,0,,0,10,0.0
EWMA,4653873,596,417,179,13,0.0726,0.9274,10,0.055866,10,1.0,0.3077,0,0,,0,10,0.0
EWMA,4653874,596,417,179,21,0.1173,0.8827,13,0.072626,13,1.0,0.5238,0,0,,0,13,0.0
EWMA,4653876,596,417,179,20,0.1117,0.8883,14,0.078212,14,1.0,0.45,0,0,,0,14,0.0
EWMA,4653879,635,444,191,14,0.0733,0.9267,9,0.04712,9,1.0,0.5714,1,0,0.0,0,9,0.0
EWMA,4653880,635,444,191,16,0.0838,0.9162,9,0.04712,9,1.0,0.625,1,0,0.0,0,9,0.0
EWMA,4653881,635,444,191,9,0.0471,0.9529,9,0.04712,9,1.0,0.0,0,0,,0,9,0.0
EWMA,4653882,635,444,191,9,0.0471,0.9529,7,0.036649,7,1.0,0.3333,1,0,0.0,0,7,0.0
EWMA,4653883,635,444,191,8,0.0419,0.9581,8,0.041885,8,1.0,0.0,1,1,1.0,1,7,0.125
EWMA,4653885,635,444,191,15,0.0785,0.9215,10,0.052356,10,1.0,0.4667,0,0,,0,10,0.0
EWMA,4653887,635,444,191,9,0.0471,0.9529,9,0.04712,9,1.0,0.0,0,0,,0,9,0.0
EWMA,4653888,635,444,191,19,0.0995,0.9005,14,0.073298,14,1.0,0.4737,0,0,,0,14,0.0
EWMA,4653889,635,444,191,20,0.1047,0.8953,13,0.068063,13,1.0,0.55,0,0,,0,13,0.0
EWMA,4653890,635,444,191,17,0.089,0.911,12,0.062827,12,1.0,0.4706,0,0,,0,12,0.0
EWMA,4653894,635,444,191,11,0.0576,0.9424,11,0.057592,11,1.0,0.0,0,0,,0,11,0.0
EWMA,4653896,635,444,191,15,0.0785,0.9215,9,0.04712,9,1.0,0.5333,0,0,,0,9,0.0
EWMA,4653987,582,407,175,15,0.0857,0.9143,9,0.051429,9,1.0,0.5333,1,1,1.0,1,8,0.1111
EWMA,4653988,582,407,175,15,0.0857,0.9143,9,0.051429,9,1.0,0.5333,1,1,1.0,1,8,0.1111
EWMA,4653989,582,407,175,13,0.0743,0.9257,11,0.062857,11,1.0,0.3077,1,1,1.0,1,10,0.0909
EWMA,4653990,582,407,175,14,0.08,0.92,11,0.062857,11,1.0,0.3571,1,1,1.0,1,10,0.0909
EWMA,4653991,582,407,175,16,0.0914,0.9086,10,0.057143,10,1.0,0.5,1,1,1.0,1,9,0.1
EWMA,4653996,582,407,175,10,0.0571,0.9429,8,0.045714,8,1.0,0.3,1,0,0.0,0,8,0.0
EWMA,4653997,582,407,175,10,0.0571,0.9429,8,0.045714,8,1.0,0.3,1,0,0.0,0,8,0.0
EWMA,4653998,582,407,175,13,0.0743,0.9257,11,0.062857,11,1.0,0.2308,0,0,,0,11,0.0
EWMA,4653999,582,407,175,10,0.0571,0.9429,8,0.045714,8,1.0,0.3,1,0,0.0,0,8,0.0
EWMA,4654000,582,407,175,17,0.0971,0.9029,12,0.068571,12,1.0,0.5294,1,0,0.0,0,12,0.0
EWMA,4654002,582,407,175,21,0.12,0.88,11,0.062857,11,1.0,0.7143,1,1,1.0,1,10,0.0909
EWMA,4654004,582,407,175,19,0.1086,0.8914,14,0.08,14,1.0,0.3684,0,0,,0,14,0.0
EWMA,4654023,598,418,180,12,0.0667,0.9333,6,0.033333,6,1.5,0.75,1,0,0.0,0,6,0.0
EWMA,4654024,598,418,180,8,0.0444,0.9556,7,0.038889,7,1.0,0.25,1,0,0.0,0,7,0.0
EWMA,4654025,598,418,180,14,0.0778,0.9222,7,0.038889,7,1.0,0.7143,1,0,0.0,0,7,0.0
EWMA,4654026,598,418,180,8,0.0444,0.9556,8,0.044444,8,1.0,0.0,1,0,0.0,0,8,0.0
EWMA,4654027,598,418,180,16,0.0889,0.9111,9,0.05,9,1.0,0.6875,1,0,0.0,0,9,0.0
EWMA,4654033,598,418,180,17,0.0944,0.9056,10,0.055556,10,1.0,0.6471,1,1,1.0,2,8,0.2
EWMA,4654034,598,418,180,18,0.1,0.9,14,0.077778,14,1.0,0.3333,0,0,,0,14,0.0
EWMA,4654035,598,418,180,18,0.1,0.9,8,0.044444,8,1.0,0.7222,1,1,1.0,2,6,0.25
EWMA,4654036,598,418,180,18,0.1,0.9,8,0.044444,8,1.0,0.7222,0,0,,0,8,0.0
EWMA,4654041,561,392,169,21,0.1243,0.8757,15,0.088757,15,1.0,0.4286,1,1,1.0,2,13,0.1333
EWMA,4654042,561,392,169,15,0.0888,0.9112,10,0.059172,10,1.0,0.4667,1,1,1.0,2,8,0.2
EWMA,4654044,561,392,169,15,0.0888,0.9112,9,0.053254,9,1.0,0.5333,1,1,1.0,2,7,0.2222
EWMA,4654045,561,392,169,17,0.1006,0.8994,10,0.059172,10,1.0,0.5882,1,1,1.0,2,8,0.2
EWMA,4654050,561,392,169,24,0.142,0.858,13,0.076923,13,1.0,0.625,1,1,1.0,1,12,0.0769
EWMA,4654051,561,392,169,15,0.0888,0.9112,14,0.08284,14,1.0,0.1333,0,0,,0,14,0.0
EWMA,4654054,561,392,169,13,0.0769,0.9231,10,0.059172,10,1.0,0.3846,0,0,,0,10,0.0
EWMA,4654059,606,424,182,15,0.0824,0.9176,10,0.054945,10,1.0,0.5333,1,1,1.0,1,9,0.1
EWMA,4654060,606,424,182,11,0.0604,0.9396,7,0.038462,7,1.0,0.5455,1,1,1.0,1,6,0.1429
EWMA,4654062,606,424,182,13,0.0714,0.9286,9,0.049451,9,1.0,0.4615,1,1,1.0,1,8,0.1111
EWMA,4654063,606,424,182,15,0.0824,0.9176,12,0.065934,12,1.0,0.3333,1,0,0.0,0,12,0.0
EWMA,4654068,606,424,182,20,0.1099,0.8901,13,0.071429,13,1.0,0.55,1,1,1.0,1,12,0.0769
EWMA,4654069,606,424,182,22,0.1209,0.8791,13,0.071429,13,1.0,0.5909,1,1,1.0,1,12,0.0769
EWMA,4654071,606,424,182,21,0.1154,0.8846,13,0.071429,13,1.0,0.5714,1,1,1.0,1,12,0.0769
EWMA,4654072,606,424,182,18,0.0989,0.9011,15,0.082418,15,1.0,0.3333,2,2,1.0,1,14,0.0667
EWMA,4654074,606,424,182,24,0.1319,0.8681,11,0.06044,11,1.0,0.75,1,1,1.0,1,10,0.0909
EWMA,4654076,606,424,182,22,0.1209,0.8791,17,0.093407,17,1.0,0.4091,1,1,1.0,1,16,0.0588
EWMA,4654077,565,395,170,20,0.1176,0.8824,12,0.070588,12,1.0,0.55,1,1,1.0,2,10,0.1667
EWMA,4654078,565,395,170,17,0.1,0.9,9,0.052941,9,1.0,0.7059,1,1,1.0,2,7,0.2222
EWMA,4654080,565,395,170,14,0.0824,0.9176,11,0.064706,11,1.0,0.3571,1,1,1.0,2,9,0.1818
EWMA,4654081,565,395,170,21,0.1235,0.8765,10,0.058824,10,1.0,0.6667,1,1,1.0,1,9,0.1
EWMA,4654086,565,395,170,15,0.0882,0.9118,12,0.070588,12,1.0,0.3333,0,0,,0,12,0.0
EWMA,4654095,619,433,186,15,0.0806,0.9194,10,0.053763,10,1.0,0.5333,1,0,0.0,0,10,0.0
EWMA,4654096,619,433,186,13,0.0699,0.9301,11,0.05914,11,1.0,0.2308,1,0,0.0,0,11,0.0
EWMA,4654097,619,433,186,12,0.0645,0.9355,8,0.043011,8,1.0,0.5833,1,0,0.0,0,8,0.0
EWMA,4654098,619,433,186,12,0.0645,0.9355,10,0.053763,10,1.0,0.25,1,0,0.0,0,10,0.0
EWMA,4654099,619,433,186,14,0.0753,0.9247,10,0.053763,10,1.0,0.4286,1,0,0.0,0,10,0.0
EWMA,4654101,619,433,186,18,0.0968,0.9032,13,0.069892,13,1.0,0.4444,0,0,,0,13,0.0
EWMA,4654104,619,433,186,17,0.0914,0.9086,8,0.043011,8,2.0,0.7647,1,1,1.0,1,7,0.125
EWMA,4654105,619,433,186,18,0.0968,0.9032,9,0.048387,9,1.0,0.7222,1,1,1.0,1,8,0.1111
EWMA,4654106,619,433,186,17,0.0914,0.9086,15,0.080645,15,1.0,0.2353,0,0,,0,15,0.0
EWMA,4654107,619,433,186,17,0.0914,0.9086,8,0.043011,8,2.0,0.7647,1,1,1.0,1,7,0.125
EWMA,4654108,619,433,186,20,0.1075,0.8925,11,0.05914,11,1.0,0.6,1,1,1.0,1,10,0.0909
EWMA,4654110,619,433,186,22,0.1183,0.8817,15,0.080645,15,1.0,0.5,0,0,,0,15,0.0
EWMA,4654112,619,433,186,23,0.1237,0.8763,14,0.075269,14,1.0,0.4783,0,0,,0,14,0.0
EWMA,4654114,593,415,178,19,0.1067,0.8933,10,0.05618,10,1.0,0.6842,1,0,0.0,0,10,0.0
EWMA,4654116,593,415,178,17,0.0955,0.9045,12,0.067416,12,1.0,0.4706,1,0,0.0,0,12,0.0
EWMA,4654119,593,415,178,27,0.1517,0.8483,14,0.078652,14,1.0,0.6667,0,0,,0,14,0.0
EWMA,4654123,593,415,178,19,0.1067,0.8933,11,0.061798,11,1.0,0.6316,0,0,,0,11,0.0
EWMA,4654124,593,415,178,21,0.118,0.882,10,0.05618,10,1.0,0.7143,1,1,1.0,1,9,0.1
EWMA,4654126,593,415,178,22,0.1236,0.8764,11,0.061798,11,1.0,0.6818,0,0,,0,11,0.0
EWMA,4654128,593,415,178,12,0.0674,0.9326,10,0.05618,10,1.0,0.25,0,0,,0,10,0.0
EWMA,4654134,589,412,177,13,0.0734,0.9266,10,0.056497,10,1.0,0.3846,1,1,1.0,2,8,0.2
EWMA,4654135,589,412,177,12,0.0678,0.9322,9,0.050847,9,1.0,0.4167,1,1,1.0,2,7,0.2222
EWMA,4654144,589,412,177,16,0.0904,0.9096,11,0.062147,11,1.0,0.5625,0,0,,0,11,0.0
EWMA,4654149,594,415,179,15,0.0838,0.9162,14,0.078212,14,1.0,0.1333,1,1,1.0,2,12,0.1429
EWMA,4654312,614,429,185,20,0.1081,0.8919,14,0.075676,14,1.0,0.45,1,1,1.0,1,13,0.0714
EWMA,4654313,614,429,185,14,0.0757,0.9243,8,0.043243,8,1.0,0.5714,1,1,1.0,1,7,0.125
EWMA,4654314,614,429,185,16,0.0865,0.9135,14,0.075676,14,1.0,0.1875,1,1,1.0,1,13,0.0714
EWMA,4654316,614,429,185,14,0.0757,0.9243,9,0.048649,9,1.0,0.5714,1,1,1.0,1,8,0.1111
EWMA,4654318,614,429,185,22,0.1189,0.8811,10,0.054054,10,1.5,0.7727,1,1,1.0,1,9,0.1
EWMA,4654321,614,429,185,16,0.0865,0.9135,12,0.064865,12,1.0,0.4375,1,1,1.0,1,11,0.0833
EWMA,4654322,614,429,185,14,0.0757,0.9243,10,0.054054,10,1.0,0.5,1,1,1.0,1,9,0.1
EWMA,4654323,614,429,185,15,0.0811,0.9189,7,0.037838,7,2.0,0.8,1,1,1.0,2,5,0.2857
EWMA,4654324,614,429,185,19,0.1027,0.8973,11,0.059459,11,1.0,0.5789,1,1,1.0,2,9,0.1818
EWMA,4654325,614,429,185,22,0.1189,0.8811,12,0.064865,12,1.0,0.6364,2,1,0.5,1,11,0.0833
EWMA,4654327,614,429,185,11,0.0595,0.9405,8,0.043243,8,1.0,0.4545,1,1,1.0,1,7,0.125
EWMA,4654329,614,429,185,22,0.1189,0.8811,7,0.037838,7,1.0,0.8182,1,1,1.0,1,6,0.1429
EWMA,4654330,613,429,184,13,0.0707,0.9293,7,0.038043,7,1.0,0.6923,1,1,1.0,1,6,0.1429
EWMA,4654331,613,429,184,11,0.0598,0.9402,7,0.038043,7,1.0,0.5455,1,1,1.0,1,6,0.1429
EWMA,4654333,613,429,184,13,0.0707,0.9293,9,0.048913,9,1.0,0.4615,1,1,1.0,1,8,0.1111
EWMA,4654334,613,429,184,15,0.0815,0.9185,9,0.048913,9,1.0,0.6,1,1,1.0,1,8,0.1111
EWMA,4654340,613,429,184,29,0.1576,0.8424,19,0.103261,19,1.0,0.4828,0,0,,0,19,0.0
EWMA,4654343,613,429,184,13,0.0707,0.9293,11,0.059783,11,1.0,0.2308,0,0,,0,11,0.0
EWMA,4654345,613,429,184,19,0.1033,0.8967,12,0.065217,12,1.0,0.5263,0,0,,0,12,0.0
EWMA,4654347,613,429,184,16,0.087,0.913,10,0.054348,10,1.0,0.5625,1,1,1.0,2,8,0.2
EWMA,4654348,521,364,157,8,0.051,0.949,6,0.038217,6,1.0,0.375,1,1,1.0,2,4,0.3333
EWMA,4654349,521,364,157,8,0.051,0.949,6,0.038217,6,1.0,0.375,1,1,1.0,2,4,0.3333
EWMA,4654350,521,364,157,10,0.0637,0.9363,8,0.050955,8,1.0,0.3,1,1,1.0,1,7,0.125
EWMA,4654351,521,364,157,7,0.0446,0.9554,5,0.031847,5,1.0,0.4286,1,1,1.0,2,3,0.4
EWMA,4654352,521,364,157,7,0.0446,0.9554,5,0.031847,5,1.0,0.4286,1,1,1.0,2,3,0.4
EWMA,4654359,521,364,157,17,0.1083,0.8917,12,0.076433,12,1.0,0.4706,0,0,,0,12,0.0
EWMA,4654361,521,364,157,9,0.0573,0.9427,7,0.044586,7,1.0,0.3333,0,0,,0,7,0.0
EWMA,4654384,576,403,173,16,0.0925,0.9075,8,0.046243,8,2.0,0.75,1,1,1.0,2,6,0.25
EWMA,4654385,576,403,173,15,0.0867,0.9133,9,0.052023,9,1.0,0.6,1,1,1.0,2,7,0.2222
EWMA,4654387,576,403,173,12,0.0694,0.9306,8,0.046243,8,1.0,0.5,1,1,1.0,2,6,0.25
EWMA,4654388,576,403,173,12,0.0694,0.9306,8,0.046243,8,1.0,0.5,1,1,1.0,2,6,0.25
EWMA,4654393,576,403,173,17,0.0983,0.9017,10,0.057803,10,1.0,0.6471,0,0,,0,10,0.0
EWMA,4654394,576,403,173,17,0.0983,0.9017,10,0.057803,10,1.0,0.6471,0,0,,0,10,0.0
EWMA,4654395,576,403,173,17,0.0983,0.9017,14,0.080925,14,1.0,0.2941,0,0,,0,14,0.0
EWMA,4654396,576,403,173,21,0.1214,0.8786,15,0.086705,15,1.0,0.4762,0,0,,0,15,0.0
EWMA,4654397,576,403,173,14,0.0809,0.9191,12,0.069364,12,1.0,0.2143,0,0,,0,12,0.0
EWMA,4654399,576,403,173,21,0.1214,0.8786,12,0.069364,12,1.0,0.6667,0,0,,0,12,0.0
EWMA,4654421,565,395,170,11,0.0647,0.9353,7,0.041176,7,1.0,0.5455,1,1,1.0,1,6,0.1429
EWMA,4654423,565,395,170,11,0.0647,0.9353,9,0.052941,9,1.0,0.2727,1,1,1.0,1,8,0.1111
EWMA,4654430,565,395,170,21,0.1235,0.8765,14,0.082353,14,1.0,0.5238,0,0,,0,14,0.0
EWMA,4654510,589,412,177,15,0.0847,0.9153,7,0.039548,7,1.0,0.7333,1,0,0.0,0,7,0.0
EWMA,4654511,589,412,177,13,0.0734,0.9266,7,0.039548,7,1.0,0.6154,1,0,0.0,0,7,0.0
EWMA,4654512,589,412,177,16,0.0904,0.9096,8,0.045198,8,1.0,0.6875,1,1,1.0,1,7,0.125
EWMA,4654513,589,412,177,12,0.0678,0.9322,8,0.045198,8,1.0,0.5,1,0,0.0,0,8,0.0
EWMA,4654514,589,412,177,15,0.0847,0.9153,7,0.039548,7,1.0,0.7333,1,0,0.0,0,7,0.0
EWMA,4654564,574,401,173,26,0.1503,0.8497,19,0.109827,19,1.0,0.3846,1,1,1.0,2,17,0.1053
EWMA,4654566,574,401,173,23,0.1329,0.8671,16,0.092486,16,1.0,0.4783,1,1,1.0,2,14,0.125
EWMA,4654567,574,401,173,23,0.1329,0.8671,17,0.098266,17,1.0,0.3913,1,1,1.0,2,15,0.1176
EWMA,4654568,574,401,173,23,0.1329,0.8671,17,0.098266,17,1.0,0.3913,1,1,1.0,2,15,0.1176
EWMA,4654573,574,401,173,17,0.0983,0.9017,12,0.069364,12,1.0,0.4706,1,1,1.0,1,11,0.0833
EWMA,4654575,574,401,173,20,0.1156,0.8844,11,0.063584,11,1.0,0.6,1,1,1.0,1,10,0.0909
EWMA,4654576,574,401,173,16,0.0925,0.9075,12,0.069364,12,1.0,0.4375,1,1,1.0,1,11,0.0833
EWMA,4654577,574,401,173,17,0.0983,0.9017,13,0.075145,13,1.0,0.4118,1,1,1.0,1,12,0.0769
EWMA,4654581,574,401,173,21,0.1214,0.8786,15,0.086705,15,1.0,0.4762,1,1,1.0,2,13,0.1333
EWMA,4654582,586,410,176,10,0.0568,0.9432,6,0.034091,6,1.0,0.6,1,0,0.0,0,6,0.0
EWMA,4654583,586,410,176,6,0.0341,0.9659,4,0.022727,4,1.0,0.5,1,0,0.0,0,4,0.0
EWMA,4654584,586,410,176,9,0.0511,0.9489,7,0.039773,7,1.0,0.3333,1,1,1.0,2,5,0.2857
EWMA,4654585,586,410,176,11,0.0625,0.9375,7,0.039773,7,1.0,0.5455,1,0,0.0,0,7,0.0
EWMA,4654586,586,410,176,12,0.0682,0.9318,8,0.045455,8,1.0,0.5,1,0,0.0,0,8,0.0
EWMA,4654590,586,410,176,11,0.0625,0.9375,11,0.0625,11,1.0,0.0,0,0,,0,11,0.0
EWMA,4654594,586,410,176,9,0.0511,0.9489,9,0.051136,9,1.0,0.0,0,0,,0,9,0.0
EWMA,4654595,586,410,176,13,0.0739,0.9261,9,0.051136,9,1.0,0.4615,0,0,,0,9,0.0
EWMA,4654599,586,410,176,18,0.1023,0.8977,14,0.079545,14,1.0,0.3333,0,0,,0,14,0.0
EWMA,4654636,577,403,174,16,0.092,0.908,13,0.074713,13,1.0,0.3125,1,1,1.0,1,12,0.0769
EWMA,4654637,577,403,174,18,0.1034,0.8966,12,0.068966,12,1.0,0.5556,1,1,1.0,1,11,0.0833
EWMA,4654638,577,403,174,17,0.0977,0.9023,15,0.086207,15,1.0,0.1765,0,0,,0,15,0.0
EWMA,4654639,577,403,174,19,0.1092,0.8908,13,0.074713,13,1.0,0.5263,1,1,1.0,1,12,0.0769
EWMA,4654640,577,403,174,18,0.1034,0.8966,12,0.068966,12,1.0,0.5556,1,1,1.0,1,11,0.0833
EWMA,4654646,577,403,174,26,0.1494,0.8506,17,0.097701,17,1.0,0.5385,0,0,,0,17,0.0
EWMA,4654647,577,403,174,13,0.0747,0.9253,10,0.057471,10,1.0,0.3077,0,0,,0,10,0.0
EWMA,4654649,577,403,174,13,0.0747,0.9253,10,0.057471,10,1.0,0.3846,0,0,,0,10,0.0
EWMA,4654651,577,403,174,17,0.0977,0.9023,13,0.074713,13,1.0,0.4118,0,0,,0,13,0.0
EWMA,4654654,594,415,179,22,0.1229,0.8771,14,0.078212,14,1.0,0.5909,1,1,1.0,1,13,0.0714
EWMA,4654655,594,415,179,13,0.0726,0.9274,10,0.055866,10,1.0,0.3846,1,1,1.0,1,9,0.1
EWMA,4654657,594,415,179,16,0.0894,0.9106,12,0.067039,12,1.0,0.375,1,1,1.0,1,11,0.0833
EWMA,4654658,594,415,179,15,0.0838,0.9162,11,0.061453,11,1.0,0.3333,1,1,1.0,1,10,0.0909
EWMA,4654660,594,415,179,19,0.1061,0.8939,13,0.072626,13,1.0,0.5263,0,0,,0,13,0.0
EWMA,4654663,594,415,179,19,0.1061,0.8939,16,0.089385,16,1.0,0.2632,0,0,,0,16,0.0
EWMA,4654664,594,415,179,16,0.0894,0.9106,14,0.078212,14,1.0,0.1875,0,0,,0,14,0.0
EWMA,4654665,594,415,179,22,0.1229,0.8771,16,0.089385,16,1.0,0.3636,0,0,,0,16,0.0
EWMA,4654666,594,415,179,24,0.1341,0.8659,14,0.078212,14,1.0,0.5833,0,0,,0,14,0.0
EWMA,4654667,594,415,179,21,0.1173,0.8827,16,0.089385,16,1.0,0.4286,0,0,,0,16,0.0
EWMA,4654669,594,415,179,17,0.095,0.905,15,0.083799,15,1.0,0.1765,0,0,,0,15,0.0
EWMA,4654671,594,415,179,10,0.0559,0.9441,10,0.055866,10,1.0,0.0,0,0,,0,10,0.0
EWMA,4654673,583,408,175,25,0.1429,0.8571,15,0.085714,15,1.0,0.64,1,1,1.0,2,13,0.1333
EWMA,4654675,583,408,175,15,0.0857,0.9143,11,0.062857,11,1.0,0.4,1,1,1.0,1,10,0.0909
EWMA,4654676,583,408,175,18,0.1029,0.8971,13,0.074286,13,1.0,0.4444,1,1,1.0,1,12,0.0769
EWMA,4654678,583,408,175,18,0.1029,0.8971,10,0.057143,10,1.0,0.6667,0,0,,0,10,0.0
EWMA,4654681,583,408,175,17,0.0971,0.9029,15,0.085714,15,1.0,0.1765,0,0,,0,15,0.0
EWMA,4654684,583,408,175,21,0.12,0.88,12,0.068571,12,1.0,0.619,0,0,,0,12,0.0
EWMA,4669835,2604,1822,782,66,0.0844,0.9156,36,0.046036,36,1.0,0.6818,0,0,,0,36,0.0
EWMA,4670242,612,428,184,17,0.0924,0.9076,6,0.032609,6,3.0,0.8824,0,0,,0,6,0.0
EWMA,4670243,612,428,184,17,0.0924,0.9076,6,0.032609,6,3.0,0.8824,0,0,,0,6,0.0
EWMA,4670245,612,428,184,21,0.1141,0.8859,15,0.081522,15,1.0,0.4762,0,0,,0,15,0.0
EWMA,4969001,213,149,64,6,0.0938,0.9062,2,0.03125,2,3.0,0.8333,1,1,1.0,1,1,0.5
EWMA,4969017,245,171,74,13,0.1757,0.8243,5,0.067568,5,3.0,0.9231,1,1,1.0,1,4,0.2
EWMA,4969020,203,142,61,5,0.082,0.918,5,0.081967,5,1.0,0.0,0,0,,0,5,0.0
EWMA,4969022,234,163,71,8,0.1127,0.8873,4,0.056338,4,1.0,0.625,0,0,,0,4,0.0
EWMA,4969030,226,158,68,11,0.1618,0.8382,7,0.102941,7,1.0,0.4545,0,0,,0,7,0.0
EWMA,4969038,215,150,65,2,0.0308,0.9692,2,0.030769,2,1.0,0.0,0,0,,0,2,0.0
