dataset,signature_id,T_total,T_train,T_val,T_test,n_params,trans_train_time_s,trans_train_mem_KB,trans_n_epochs,trans_infer_time_s,trans_infer_time_ms_per_step,trans_infer_mem_KB,arima_fit_time_s,arima_fit_mem_KB,arima_infer_time_s,arima_infer_time_ms_per_step,arima_infer_mem_KB,sma_infer_time_s,sma_infer_time_ms_per_step,sma_infer_mem_KB,ewma_infer_time_s,ewma_infer_time_ms_per_step,ewma_infer_mem_KB,last_infer_time_s,last_infer_time_ms_per_step,last_infer_mem_KB
firefox-android,4669835,2662,1597,532,533,2273,7.8654,49832.0,20,0.602984,1.1313,400.0,0.1929,1856.0,5.731,10.752,376.0,0.049569,0.093,0.0,0.030305,0.0569,0.0,0.036326,0.0682,0.0
firefox-android,4653861,729,437,146,146,2273,0.9163,3444.0,20,0.160179,1.0971,16.0,0.1791,708.0,1.4578,9.985,120.0,0.015379,0.1053,0.0,0.013886,0.0951,0.0,0.008579,0.0588,0.0
firefox-android,4653862,729,437,146,146,2273,0.9668,0.0,20,0.172778,1.1834,20.0,0.1893,100.0,1.5024,10.29,20.0,0.016769,0.1149,0.0,0.01041,0.0713,0.0,0.011149,0.0764,0.0
firefox-android,4653863,729,437,146,146,2273,1.043,76.0,20,0.216496,1.4828,24.0,0.1634,16.0,1.5559,10.657,52.0,0.023784,0.1629,0.0,0.010368,0.071,0.0,0.010993,0.0753,0.0
firefox-android,4653864,729,437,146,146,2273,1.1022,0.0,20,0.21475,1.4709,12.0,0.1951,16.0,1.641,11.24,0.0,0.015872,0.1087,0.0,0.008226,0.0563,0.0,0.010884,0.0746,0.0
firefox-android,4653865,729,437,146,146,2273,1.0782,0.0,20,0.310793,2.1287,12.0,0.245,0.0,1.8519,12.684,0.0,0.012367,0.0847,0.0,0.008513,0.0583,0.0,0.009856,0.0675,0.0
firefox-android,4653867,729,437,146,146,2273,1.0704,0.0,20,0.232445,1.5921,12.0,0.3039,0.0,1.879,12.87,8.0,0.020989,0.1438,0.0,0.014922,0.1022,0.0,0.015264,0.1045,0.0
firefox-android,4653869,729,437,146,146,2273,1.2965,0.0,20,0.296503,2.0308,12.0,0.3197,0.0,1.8421,12.617,0.0,0.017594,0.1205,0.0,0.015449,0.1058,0.0,0.014313,0.098,0.0
firefox-android,4653870,729,437,146,146,2273,0.9898,0.0,20,0.141076,0.9663,12.0,0.0688,0.0,1.0563,7.235,0.0,0.012219,0.0837,0.0,0.008831,0.0605,0.0,0.009383,0.0643,0.0
firefox-android,4653871,729,437,146,146,2273,0.841,0.0,20,0.130944,0.8969,12.0,0.0669,0.0,0.6584,4.509,0.0,0.006912,0.0473,0.0,0.004914,0.0337,0.0,0.004793,0.0328,0.0
firefox-android,4653872,729,437,146,146,2273,0.694,0.0,20,0.123317,0.8446,12.0,0.0978,0.0,0.6568,4.499,0.0,0.006636,0.0454,0.0,0.004474,0.0306,0.0,0.00443,0.0303,0.0
firefox-android,4653873,729,437,146,146,2273,0.6407,0.0,20,0.101652,0.6962,12.0,0.0577,0.0,0.7763,5.317,0.0,0.006984,0.0478,0.0,0.004707,0.0322,0.0,0.0047,0.0322,0.0
firefox-android,4653874,729,437,146,146,2273,0.6607,0.0,20,0.082859,0.5675,12.0,0.0757,0.0,0.8968,6.143,0.0,0.012132,0.0831,0.0,0.008696,0.0596,0.0,0.009042,0.0619,0.0
firefox-android,4653876,729,437,146,146,2273,0.6482,0.0,20,0.088999,0.6096,12.0,0.0544,0.0,1.1066,7.58,0.0,0.01779,0.1218,0.0,0.01506,0.1032,0.0,0.011859,0.0812,0.0
firefox-android,4653878,729,437,146,146,2273,1.2659,0.0,20,0.167621,1.1481,12.0,0.1235,0.0,1.4659,10.04,0.0,0.021024,0.144,0.0,0.014958,0.1025,0.0,0.013111,0.0898,0.0
firefox-android,4653879,728,437,146,145,2273,0.9734,0.0,20,0.120744,0.8327,12.0,0.1734,0.0,0.7786,5.369,0.0,0.01012,0.0698,0.0,0.00715,0.0493,0.0,0.007057,0.0487,0.0
firefox-android,4653880,728,437,146,145,2273,0.6276,0.0,20,0.099401,0.6855,12.0,0.1279,0.0,0.9168,6.323,0.0,0.007483,0.0516,0.0,0.004614,0.0318,0.0,0.005159,0.0356,0.0
firefox-android,4653881,728,437,146,145,2273,0.6,0.0,20,0.088054,0.6073,12.0,0.1159,0.0,0.6854,4.727,8.0,0.00726,0.0501,0.0,0.004689,0.0323,0.0,0.004544,0.0313,0.0
firefox-android,4653882,728,437,146,145,2273,0.6767,0.0,20,0.10208,0.704,12.0,0.1235,0.0,0.7368,5.081,8.0,0.006873,0.0474,0.0,0.00464,0.032,0.0,0.004564,0.0315,0.0
firefox-android,4653883,728,437,146,145,2273,0.5755,0.0,20,0.083121,0.5732,12.0,0.1822,0.0,0.9178,6.33,0.0,0.011473,0.0791,0.0,0.007859,0.0542,0.0,0.006401,0.0441,0.0
firefox-android,4653885,728,437,146,145,2273,0.6316,0.0,20,0.09736,0.6714,12.0,0.1017,0.0,0.6978,4.813,4.0,0.008262,0.057,0.0,0.005356,0.0369,0.0,0.005061,0.0349,0.0
firefox-android,4653887,728,437,146,145,2273,0.5687,0.0,20,0.097717,0.6739,12.0,0.1084,0.0,0.9755,6.728,8.0,0.012391,0.0855,0.0,0.008296,0.0572,0.0,0.010688,0.0737,0.0
firefox-android,4653888,728,437,146,145,2273,0.5991,0.0,20,0.078202,0.5393,12.0,0.0791,0.0,0.7531,5.194,0.0,0.007426,0.0512,0.0,0.005884,0.0406,0.0,0.005115,0.0353,0.0
firefox-android,4653889,728,437,146,145,2273,0.6299,0.0,20,0.100329,0.6919,12.0,0.0767,0.0,0.9519,6.565,0.0,0.007197,0.0496,0.0,0.004744,0.0327,0.0,0.00671,0.0463,0.0
firefox-android,4653890,728,437,146,145,2273,0.5868,0.0,20,0.085536,0.5899,12.0,0.0723,0.0,0.8058,5.557,0.0,0.012422,0.0857,0.0,0.008549,0.059,0.0,0.005111,0.0352,0.0
firefox-android,4653891,728,437,146,145,2273,0.8243,0.0,20,0.145318,1.0022,12.0,0.1694,0.0,0.7786,5.369,0.0,0.007219,0.0498,0.0,0.004734,0.0326,0.0,0.005539,0.0382,0.0
firefox-android,4653892,728,437,146,145,2273,0.5561,0.0,20,0.127024,0.876,12.0,0.3383,0.0,1.6463,11.354,0.0,0.016918,0.1167,0.0,0.007433,0.0513,0.0,0.011663,0.0804,0.0
firefox-android,4653894,728,437,146,145,2273,0.8902,0.0,20,0.147375,1.0164,12.0,0.0886,0.0,1.0412,7.181,0.0,0.012527,0.0864,0.0,0.007231,0.0499,0.0,0.008428,0.0581,0.0
firefox-android,4653896,728,437,146,145,2273,0.9649,0.0,20,0.163633,1.1285,12.0,0.2022,0.0,1.2917,8.909,8.0,0.012937,0.0892,0.0,0.009189,0.0634,0.0,0.007359,0.0508,0.0
firefox-android,4654312,704,422,141,141,2273,0.8712,0.0,20,0.12009,0.8517,0.0,0.1311,4.0,1.212,8.596,0.0,0.012746,0.0904,0.0,0.009971,0.0707,0.0,0.010227,0.0725,0.0
firefox-android,4654313,704,422,141,141,2273,1.0235,0.0,20,0.174235,1.2357,0.0,0.3112,0.0,1.5721,11.149,8.0,0.013613,0.0965,0.0,0.00925,0.0656,0.0,0.010481,0.0743,0.0
firefox-android,4654314,704,422,141,141,2273,0.8751,8.0,19,0.145368,1.031,0.0,0.2132,0.0,1.3949,9.893,0.0,0.012277,0.0871,0.0,0.006999,0.0496,0.0,0.011864,0.0841,0.0
firefox-android,4654315,704,422,141,141,2273,0.8375,0.0,20,0.141918,1.0065,0.0,0.202,0.0,1.1529,8.176,0.0,0.018693,0.1326,0.0,0.008623,0.0612,0.0,0.008666,0.0615,0.0
firefox-android,4654316,704,422,141,141,2273,0.8629,0.0,20,0.154996,1.0993,0.0,0.3532,0.0,1.4228,10.091,0.0,0.018033,0.1279,0.0,0.009489,0.0673,0.0,0.007408,0.0525,0.0
firefox-android,4654318,704,422,141,141,2273,0.8503,0.0,20,0.136063,0.965,0.0,0.1439,0.0,1.1747,8.331,0.0,0.019503,0.1383,0.0,0.012626,0.0895,0.0,0.013961,0.099,0.0
firefox-android,4654320,704,422,141,141,2273,1.0332,0.0,20,0.156732,1.1116,0.0,0.2069,0.0,1.2535,8.89,0.0,0.011682,0.0828,0.0,0.008067,0.0572,0.0,0.012798,0.0908,0.0
firefox-android,4654321,704,422,141,141,2273,0.8614,0.0,20,0.158346,1.123,0.0,0.2165,0.0,1.3843,9.818,0.0,0.017262,0.1224,0.0,0.012138,0.0861,0.0,0.009495,0.0673,0.0
firefox-android,4654322,704,422,141,141,2273,0.8706,0.0,20,0.125907,0.893,0.0,0.1886,0.0,1.9158,13.588,0.0,0.019785,0.1403,0.0,0.013963,0.099,0.0,0.014401,0.1021,0.0
firefox-android,4654323,704,422,141,141,2273,1.1335,0.0,20,0.231141,1.6393,0.0,0.2077,0.0,1.3933,9.881,0.0,0.01944,0.1379,0.0,0.011655,0.0827,0.0,0.013177,0.0935,0.0
firefox-android,4654324,704,422,141,141,2273,0.9022,0.0,20,0.142925,1.0137,0.0,0.0542,0.0,1.2284,8.712,0.0,0.022537,0.1598,0.0,0.017601,0.1248,0.0,0.012544,0.089,0.0
firefox-android,4654325,704,422,141,141,2273,0.975,0.0,20,0.156883,1.1126,0.0,0.2299,0.0,1.4483,10.272,0.0,0.021746,0.1542,0.0,0.015618,0.1108,0.0,0.019609,0.1391,0.0
firefox-android,4654327,704,422,141,141,2273,1.4552,0.0,20,0.263687,1.8701,0.0,0.2484,0.0,1.8466,13.096,0.0,0.015508,0.11,0.0,0.010112,0.0717,0.0,0.015286,0.1084,0.0
firefox-android,4654329,704,422,141,141,2273,1.2358,0.0,20,0.172196,1.2212,0.0,0.1862,0.0,1.4842,10.526,0.0,0.021266,0.1508,0.0,0.014749,0.1046,0.0,0.014032,0.0995,0.0
firefox-android,4654059,690,414,138,138,2273,1.3338,4.0,20,0.151004,1.0942,0.0,0.1948,0.0,1.0031,7.269,0.0,0.020441,0.1481,0.0,0.01834,0.1329,0.0,0.018466,0.1338,0.0
firefox-android,4654060,690,414,138,138,2273,0.8593,0.0,20,0.15731,1.1399,0.0,0.1402,0.0,1.2434,9.01,0.0,0.01938,0.1404,0.0,0.013046,0.0945,0.0,0.011998,0.0869,0.0
firefox-android,4654061,690,414,138,138,2273,0.9206,0.0,20,0.134778,0.9767,0.0,0.1193,0.0,0.9545,6.917,0.0,0.016509,0.1196,0.0,0.009664,0.07,0.0,0.007052,0.0511,0.0
firefox-android,4654062,690,414,138,138,2273,0.8008,0.0,20,0.181601,1.3159,0.0,0.168,0.0,1.1792,8.545,0.0,0.010335,0.0749,0.0,0.006153,0.0446,0.0,0.004159,0.0301,0.0
firefox-android,4654063,690,414,138,138,2273,0.508,0.0,20,0.088434,0.6408,0.0,0.1282,0.0,0.6771,4.907,0.0,0.006987,0.0506,0.0,0.004761,0.0345,0.0,0.005519,0.04,0.0
firefox-android,4654065,690,414,138,138,2273,0.6207,0.0,20,0.11282,0.8175,0.0,0.0821,0.0,0.7048,5.107,0.0,0.007004,0.0508,0.0,0.004698,0.034,0.0,0.005413,0.0392,0.0
firefox-android,4654067,690,414,138,138,2273,0.5325,0.0,20,0.09111,0.6602,0.0,0.0931,0.0,0.8908,6.455,0.0,0.010215,0.074,0.0,0.004466,0.0324,0.0,0.004279,0.031,0.0
firefox-android,4654068,690,414,138,138,2273,0.5338,0.0,20,0.076394,0.5536,0.0,0.0495,0.0,0.6184,4.481,0.0,0.006995,0.0507,0.0,0.005442,0.0394,0.0,0.004911,0.0356,0.0
firefox-android,4654069,690,414,138,138,2273,0.5973,0.0,20,0.095555,0.6924,0.0,0.0577,0.0,0.88,6.377,0.0,0.006493,0.0471,0.0,0.004536,0.0329,0.0,0.004697,0.034,0.0
firefox-android,4654070,690,414,138,138,2273,0.5262,0.0,20,0.087185,0.6318,0.0,0.0923,0.0,0.7769,5.63,0.0,0.017363,0.1258,0.0,0.007982,0.0578,0.0,0.005825,0.0422,0.0
firefox-android,4654071,690,414,138,138,2273,0.4663,0.0,15,0.103235,0.7481,0.0,0.0842,0.0,0.6461,4.682,0.0,0.008573,0.0621,0.0,0.008269,0.0599,0.0,0.006053,0.0439,0.0
firefox-android,4654072,690,414,138,138,2273,0.5263,0.0,20,0.08931,0.6472,0.0,0.0837,0.0,0.9429,6.832,0.0,0.011822,0.0857,0.0,0.008171,0.0592,0.0,0.008614,0.0624,0.0
firefox-android,4654074,690,414,138,138,2273,0.5277,0.0,20,0.083149,0.6025,0.0,0.0601,0.0,0.6193,4.488,0.0,0.006371,0.0462,0.0,0.005338,0.0387,0.0,0.004838,0.0351,0.0
firefox-android,4654076,690,414,138,138,2273,0.5843,0.0,20,0.106841,0.7742,0.0,0.0999,0.0,0.8585,6.221,0.0,0.008857,0.0642,0.0,0.005233,0.0379,0.0,0.0053,0.0384,0.0
firefox-android,4654149,687,412,137,138,2273,0.6448,1024.0,20,0.089359,0.6475,0.0,0.06,0.0,0.6833,4.952,0.0,0.008403,0.0609,0.0,0.006183,0.0448,0.0,0.005829,0.0422,0.0
firefox-android,4654330,685,411,137,137,2273,0.6975,0.0,20,0.132132,0.9645,0.0,0.1685,0.0,0.7684,5.609,0.0,0.007331,0.0535,0.0,0.006189,0.0452,0.0,0.005845,0.0427,0.0
firefox-android,4654331,685,411,137,137,2273,0.7245,0.0,20,0.103563,0.7559,0.0,0.1195,0.0,0.8913,6.506,8.0,0.014144,0.1032,0.0,0.009771,0.0713,0.0,0.006672,0.0487,0.0
firefox-android,4654332,685,411,137,137,2273,0.8448,0.0,20,0.124491,0.9087,0.0,0.1058,0.0,0.822,6.0,8.0,0.007293,0.0532,0.0,0.005085,0.0371,0.0,0.004858,0.0355,0.0
firefox-android,4654333,685,411,137,137,2273,0.6472,0.0,20,0.11854,0.8653,0.0,0.1264,0.0,1.1768,8.59,0.0,0.014683,0.1072,0.0,0.010058,0.0734,0.0,0.009962,0.0727,0.0
firefox-android,4654334,685,411,137,137,2273,0.6825,0.0,20,0.11729,0.8561,0.0,0.1291,0.0,0.688,5.022,0.0,0.006821,0.0498,0.0,0.004647,0.0339,0.0,0.004686,0.0342,0.0
firefox-android,4654336,685,411,137,137,2273,0.6764,0.0,20,0.127021,0.9272,0.0,0.1501,0.0,0.8876,6.479,0.0,0.009898,0.0722,0.0,0.007021,0.0512,0.0,0.006905,0.0504,0.0
firefox-android,4654338,685,411,137,137,2273,0.5846,0.0,20,0.109953,0.8026,0.0,0.097,0.0,0.7954,5.806,0.0,0.012946,0.0945,0.0,0.008948,0.0653,0.0,0.00615,0.0449,0.0
firefox-android,4654339,685,411,137,137,2273,0.8328,0.0,20,0.148131,1.0812,0.0,0.1141,0.0,0.8134,5.937,0.0,0.00766,0.0559,0.0,0.005261,0.0384,0.0,0.005308,0.0387,0.0
firefox-android,4654340,685,411,137,137,2273,0.6222,0.0,20,0.090872,0.6633,0.0,0.0476,0.0,0.9013,6.579,0.0,0.00852,0.0622,0.0,0.006091,0.0445,0.0,0.006802,0.0496,0.0
firefox-android,4654341,685,411,137,137,2273,0.7639,0.0,20,0.133063,0.9713,0.0,0.0788,0.0,0.671,4.898,0.0,0.00686,0.0501,0.0,0.004701,0.0343,0.0,0.00472,0.0345,0.0
firefox-android,4654342,685,411,137,137,2273,0.6053,0.0,20,0.103899,0.7584,0.0,0.0785,0.0,1.1357,8.29,0.0,0.017835,0.1302,0.0,0.011957,0.0873,0.0,0.012147,0.0887,0.0
firefox-android,4654343,685,411,137,137,2273,0.9178,0.0,20,0.109459,0.799,0.0,0.1914,0.0,0.7223,5.272,64.0,0.006877,0.0502,0.0,0.007347,0.0536,0.0,0.008556,0.0625,0.0
firefox-android,4654345,685,411,137,137,2273,0.529,0.0,20,0.11485,0.8383,0.0,0.0695,0.0,1.0251,7.483,0.0,0.007962,0.0581,0.0,0.005744,0.0419,0.0,0.005572,0.0407,0.0
firefox-android,4654347,685,411,137,137,2273,0.653,0.0,20,0.118188,0.8627,0.0,0.0989,0.0,0.6813,4.973,0.0,0.008946,0.0653,0.0,0.004866,0.0355,0.0,0.004847,0.0354,0.0
firefox-android,4654095,674,404,135,135,2273,0.6861,48.0,20,0.12599,0.9333,0.0,0.1418,0.0,0.7985,5.915,0.0,0.007876,0.0583,0.0,0.005418,0.0401,0.0,0.005433,0.0402,0.0
firefox-android,4654096,674,404,135,135,2273,0.6735,0.0,20,0.125417,0.929,0.0,0.1227,0.0,0.6304,4.669,0.0,0.007122,0.0528,0.0,0.004667,0.0346,0.0,0.00461,0.0341,0.0
firefox-android,4654097,674,404,135,135,2273,0.7069,0.0,20,0.128393,0.9511,0.0,0.1083,0.0,0.9106,6.745,0.0,0.015855,0.1174,0.0,0.007032,0.0521,0.0,0.007289,0.054,0.0
firefox-android,4654098,674,404,135,135,2273,0.7887,0.0,20,0.130024,0.9631,0.0,0.1009,0.0,1.0171,7.534,0.0,0.019882,0.1473,0.0,0.014485,0.1073,0.0,0.014524,0.1076,0.0
firefox-android,4654099,674,404,135,135,2273,1.168,0.0,20,0.139082,1.0302,0.0,0.143,0.0,0.6418,4.754,0.0,0.01348,0.0999,0.0,0.009335,0.0691,0.0,0.009464,0.0701,0.0
firefox-android,4654101,674,404,135,135,2273,0.5678,0.0,20,0.105733,0.7832,0.0,0.0701,0.0,1.0809,8.007,0.0,0.013392,0.0992,0.0,0.012529,0.0928,0.0,0.013403,0.0993,0.0
firefox-android,4654103,674,404,135,135,2273,0.9184,0.0,20,0.147903,1.0956,0.0,0.1639,0.0,1.0512,7.787,0.0,0.009359,0.0693,0.0,0.006421,0.0476,0.0,0.006148,0.0455,0.0
firefox-android,4654104,674,404,135,135,2273,0.8768,0.0,20,0.170737,1.2647,0.0,0.1297,0.0,1.1175,8.278,0.0,0.009538,0.0707,0.0,0.007541,0.0559,0.0,0.006552,0.0485,0.0
firefox-android,4654105,674,404,135,135,2273,0.785,0.0,20,0.127493,0.9444,0.0,0.0838,0.0,1.0714,7.936,0.0,0.018658,0.1382,0.0,0.012929,0.0958,0.0,0.01284,0.0951,0.0
firefox-android,4654106,674,404,135,135,2273,0.8911,0.0,20,0.098416,0.729,0.0,0.0629,0.0,0.6307,4.672,0.0,0.00672,0.0498,0.0,0.004421,0.0327,0.0,0.004838,0.0358,0.0
firefox-android,4654107,674,404,135,135,2273,0.5929,0.0,20,0.116356,0.8619,0.0,0.0852,0.0,0.9006,6.671,0.0,0.011628,0.0861,0.0,0.005611,0.0416,0.0,0.004458,0.033,0.0
firefox-android,4654108,674,404,135,135,2273,0.6432,0.0,20,0.068917,0.5105,0.0,0.0596,0.0,0.673,4.985,0.0,0.01628,0.1206,0.0,0.011507,0.0852,0.0,0.011576,0.0857,0.0
firefox-android,4654110,674,404,135,135,2273,0.6499,0.0,20,0.112561,0.8338,0.0,0.07,0.0,0.8174,6.055,0.0,0.007722,0.0572,0.0,0.005491,0.0407,0.0,0.005382,0.0399,0.0
firefox-android,4654112,674,404,135,135,2273,0.6475,0.0,20,0.118421,0.8772,0.0,0.0697,0.0,1.0093,7.477,0.0,0.011701,0.0867,0.0,0.00741,0.0549,0.0,0.011153,0.0826,0.0
firefox-android,4653699,670,402,134,134,2273,0.931,1020.0,20,0.098146,0.7324,0.0,0.0849,0.0,0.7239,5.403,0.0,0.007702,0.0575,0.0,0.004849,0.0362,0.0,0.004836,0.0361,0.0
firefox-android,4653700,670,402,134,134,2273,0.6314,0.0,20,0.103825,0.7748,0.0,0.1368,0.0,1.1555,8.623,0.0,0.014989,0.1119,0.0,0.011138,0.0831,0.0,0.009102,0.0679,0.0
firefox-android,4653701,670,402,134,134,2273,0.6136,0.0,20,0.13317,0.9938,0.0,0.1429,0.0,0.7263,5.42,0.0,0.015308,0.1142,0.0,0.009443,0.0705,0.0,0.009335,0.0697,0.0
firefox-android,4653702,670,402,134,134,2273,0.897,0.0,20,0.155253,1.1586,0.0,0.1806,0.0,0.7708,5.752,0.0,0.007199,0.0537,0.0,0.004741,0.0354,0.0,0.005512,0.0411,0.0
firefox-android,4653705,670,402,134,134,2273,0.5953,0.0,20,0.103224,0.7703,0.0,0.1164,0.0,1.0607,7.916,0.0,0.017223,0.1285,0.0,0.012062,0.09,0.0,0.012195,0.091,0.0
firefox-android,4653708,670,402,134,134,2273,0.7219,0.0,20,0.123564,0.9221,0.0,0.1283,0.0,0.7413,5.532,0.0,0.007136,0.0533,0.0,0.004888,0.0365,0.0,0.004983,0.0372,0.0
firefox-android,4653709,670,402,134,134,2273,0.6888,0.0,20,0.140628,1.0495,0.0,0.0975,0.0,0.9972,7.442,0.0,0.007483,0.0558,0.0,0.005148,0.0384,0.0,0.005133,0.0383,0.0
firefox-android,4653710,670,402,134,134,2273,0.6131,0.0,20,0.094101,0.7022,0.0,0.0787,0.0,0.9262,6.912,0.0,0.011456,0.0855,0.0,0.006914,0.0516,0.0,0.009799,0.0731,0.0
firefox-android,4653711,670,402,134,134,2273,0.9179,0.0,20,0.158932,1.1861,0.0,0.1492,0.0,0.9191,6.859,0.0,0.009321,0.0696,0.0,0.006556,0.0489,0.0,0.006893,0.0514,0.0
firefox-android,4653714,670,402,134,134,2273,0.8099,0.0,20,0.145123,1.083,0.0,0.1343,0.0,1.3223,9.868,0.0,0.018399,0.1373,0.0,0.013002,0.097,0.0,0.012475,0.0931,0.0
firefox-android,4653716,670,402,134,134,2273,0.8128,0.0,20,0.128121,0.9561,0.0,0.1494,0.0,0.6071,4.53,0.0,0.006759,0.0504,0.0,0.005801,0.0433,0.0,0.004585,0.0342,0.0
firefox-android,4654023,660,396,132,132,2273,0.5896,0.0,20,0.09379,0.7105,0.0,0.1009,0.0,1.1821,8.955,0.0,0.010053,0.0762,0.0,0.008068,0.0611,0.0,0.006773,0.0513,0.0
firefox-android,4654024,660,396,132,132,2273,0.75,0.0,20,0.112525,0.8525,0.0,0.115,0.0,1.0514,7.965,0.0,0.018531,0.1404,0.0,0.012225,0.0926,0.0,0.01258,0.0953,0.0
firefox-android,4654025,660,396,132,132,2273,0.9255,0.0,20,0.130775,0.9907,0.0,0.1461,0.0,0.9951,7.539,0.0,0.009725,0.0737,0.0,0.007081,0.0536,0.0,0.00664,0.0503,0.0
firefox-android,4654026,660,396,132,132,2273,0.7481,0.0,20,0.134152,1.0163,0.0,0.1248,0.0,0.8985,6.807,0.0,0.012114,0.0918,0.0,0.008204,0.0622,0.0,0.007553,0.0572,0.0
firefox-android,4654027,660,396,132,132,2273,0.5023,52.0,20,0.060675,0.4597,0.0,0.0714,0.0,0.5857,4.437,0.0,0.007746,0.0587,0.0,0.004313,0.0327,0.0,0.004206,0.0319,0.0
firefox-android,4654029,660,396,132,132,2273,0.5403,0.0,20,0.092378,0.6998,0.0,0.083,0.0,0.795,6.022,0.0,0.006099,0.0462,0.0,0.004219,0.032,0.0,0.004186,0.0317,0.0
firefox-android,4654032,660,396,132,132,2273,0.5464,0.0,20,0.078979,0.5983,0.0,0.0634,0.0,0.727,5.508,0.0,0.014039,0.1064,0.0,0.010761,0.0815,0.0,0.010471,0.0793,0.0
firefox-android,4654033,660,396,132,132,2273,0.7866,0.0,20,0.125856,0.9535,0.0,0.1078,0.0,0.7089,5.37,0.0,0.006931,0.0525,0.0,0.004761,0.0361,0.0,0.004798,0.0364,0.0
firefox-android,4654034,660,396,132,132,2273,0.5356,0.0,20,0.087386,0.662,0.0,0.0806,0.0,0.9808,7.43,0.0,0.016367,0.124,0.0,0.011397,0.0863,0.0,0.010676,0.0809,0.0
firefox-android,4654035,660,396,132,132,2273,0.795,0.0,20,0.123564,0.9361,0.0,0.0928,0.0,0.6956,5.269,0.0,0.008194,0.0621,0.0,0.0057,0.0432,0.0,0.00505,0.0383,0.0
firefox-android,4654036,660,396,132,132,2273,0.661,0.0,20,0.133884,1.0143,0.0,0.118,0.0,0.9665,7.322,0.0,0.00777,0.0589,0.0,0.005217,0.0395,0.0,0.005233,0.0396,0.0
firefox-android,4654038,660,396,132,132,2273,0.5808,0.0,20,0.080277,0.6082,0.0,0.0669,0.0,0.777,5.886,0.0,0.006991,0.053,0.0,0.004895,0.0371,0.0,0.005203,0.0394,0.0
firefox-android,4654040,660,396,132,132,2273,0.7967,0.0,20,0.141686,1.0734,0.0,0.1546,0.0,0.9445,7.155,0.0,0.009831,0.0745,0.0,0.006643,0.0503,0.0,0.006789,0.0514,0.0
firefox-android,4654131,653,392,131,130,2273,0.8457,876.0,20,0.146446,1.1265,0.0,0.2021,0.0,1.1384,8.757,0.0,0.014965,0.1151,0.0,0.011241,0.0865,0.0,0.00947,0.0728,0.0
firefox-android,4654132,653,392,131,130,2273,0.8498,0.0,20,0.116131,0.8933,0.0,0.2002,0.0,0.6005,4.619,0.0,0.006406,0.0493,0.0,0.004247,0.0327,0.0,0.008257,0.0635,0.0
firefox-android,4654133,653,392,131,130,2273,0.5071,0.0,20,0.092981,0.7152,0.0,0.1724,0.0,0.9284,7.141,0.0,0.007878,0.0606,0.0,0.004804,0.037,0.0,0.004731,0.0364,0.0
firefox-android,4654134,653,392,131,130,2273,0.557,0.0,20,0.112225,0.8633,0.0,0.2041,0.0,0.7615,5.857,0.0,0.012765,0.0982,0.0,0.0094,0.0723,0.0,0.01032,0.0794,0.0
firefox-android,4654135,653,392,131,130,2273,0.8365,0.0,20,0.131187,1.0091,0.0,0.3099,0.0,0.7297,5.613,0.0,0.007237,0.0557,0.0,0.005193,0.0399,0.0,0.004641,0.0357,0.0
firefox-android,4654137,653,392,131,130,2273,0.6174,0.0,20,0.09506,0.7312,0.0,0.1407,0.0,1.0973,8.441,0.0,0.008017,0.0617,0.0,0.005461,0.042,0.0,0.00574,0.0442,0.0
firefox-android,4654139,653,392,131,130,2273,0.6404,0.0,20,0.10889,0.8376,0.0,0.1602,0.0,0.6674,5.134,0.0,0.006504,0.05,0.0,0.004379,0.0337,0.0,0.004425,0.034,0.0
firefox-android,4654140,653,392,131,130,2273,0.6582,0.0,20,0.125716,0.967,0.0,0.117,0.0,0.9136,7.028,0.0,0.011271,0.0867,0.0,0.006932,0.0533,0.0,0.005216,0.0401,0.0
firefox-android,4654141,653,392,131,130,2273,0.6093,0.0,20,0.094687,0.7284,0.0,0.0847,0.0,0.7168,5.514,0.0,0.007475,0.0575,0.0,0.005895,0.0453,0.0,0.005304,0.0408,0.0
firefox-android,4654142,653,392,131,130,2273,0.7712,0.0,20,0.126691,0.9745,0.0,0.1501,0.0,0.7575,5.827,4.0,0.010526,0.081,0.0,0.007256,0.0558,0.0,0.007176,0.0552,0.0
firefox-android,4654144,653,392,131,130,2273,0.6066,0.0,20,0.091139,0.7011,0.0,0.2531,0.0,0.9934,7.642,0.0,0.010515,0.0809,0.0,0.005954,0.0458,0.0,0.005206,0.04,0.0
firefox-android,4654146,653,392,131,130,2273,0.6318,0.0,20,0.1069,0.8223,0.0,0.0897,0.0,0.8037,6.182,0.0,0.018513,0.1424,0.0,0.020455,0.1573,0.0,0.014164,0.109,0.0
firefox-android,4654148,653,392,131,130,2273,1.0024,0.0,20,0.155995,1.2,0.0,0.2265,0.0,1.1367,8.744,0.0,0.009955,0.0766,0.0,0.006522,0.0502,0.0,0.006746,0.0519,0.0
firefox-android,4654113,646,388,129,129,2273,0.875,0.0,20,0.136117,1.0552,0.0,0.1281,0.0,1.2507,9.695,0.0,0.018179,0.1409,0.0,0.013476,0.1045,0.0,0.013473,0.1044,0.0
firefox-android,4654114,646,388,129,129,2273,0.862,0.0,20,0.143669,1.1137,0.0,0.2325,0.0,0.9246,7.167,0.0,0.011192,0.0868,0.0,0.007678,0.0595,0.0,0.007849,0.0608,0.0
firefox-android,4654115,646,388,129,129,2273,0.8335,0.0,20,0.139828,1.0839,0.0,0.2343,0.0,0.9132,7.079,0.0,0.00629,0.0488,0.0,0.004268,0.0331,0.0,0.00535,0.0415,0.0
firefox-android,4654116,646,388,129,129,2273,0.4986,0.0,20,0.089727,0.6956,0.0,0.1342,0.0,0.7257,5.626,0.0,0.006414,0.0497,0.0,0.004759,0.0369,0.0,0.00423,0.0328,0.0
firefox-android,4654117,646,388,129,129,2273,0.5744,0.0,20,0.079621,0.6172,0.0,0.2043,0.0,0.8043,6.235,0.0,0.006389,0.0495,0.0,0.004403,0.0341,0.0,0.004333,0.0336,0.0
firefox-android,4654119,646,388,129,129,2273,0.5167,0.0,20,0.08966,0.695,0.0,0.059,0.0,0.8166,6.33,0.0,0.007358,0.057,0.0,0.004712,0.0365,0.0,0.005554,0.0431,0.0
firefox-android,4654121,646,388,129,129,2273,0.6303,0.0,20,0.105932,0.8212,0.0,0.1232,0.0,0.8134,6.306,0.0,0.014428,0.1118,0.0,0.010508,0.0815,0.0,0.010762,0.0834,0.0
firefox-android,4654122,646,388,129,129,2273,0.7909,0.0,20,0.121764,0.9439,0.0,0.188,0.0,0.6904,5.352,0.0,0.006903,0.0535,0.0,0.005119,0.0397,0.0,0.004954,0.0384,0.0
firefox-android,4654123,646,388,129,129,2273,0.284,0.0,10,0.102975,0.7983,0.0,0.1936,0.0,0.9556,7.408,0.0,0.014124,0.1095,0.0,0.009822,0.0761,0.0,0.010132,0.0785,0.0
firefox-android,4654124,646,388,129,129,2273,0.617,0.0,16,0.128618,0.997,0.0,0.1473,0.0,0.6776,5.253,0.0,0.006882,0.0533,0.0,0.004539,0.0352,0.0,0.005123,0.0397,0.0
firefox-android,4654125,646,388,129,129,2273,0.6803,0.0,20,0.127398,0.9876,0.0,0.2022,0.0,0.9661,7.489,0.0,0.020165,0.1563,0.0,0.009147,0.0709,0.0,0.010644,0.0825,0.0
firefox-android,4654126,646,388,129,129,2273,0.5748,0.0,20,0.095352,0.7392,0.0,0.244,0.0,1.0758,8.339,0.0,0.007765,0.0602,0.0,0.005299,0.0411,0.0,0.00539,0.0418,0.0
firefox-android,4654128,646,388,129,129,2273,0.6099,0.0,20,0.113708,0.8815,0.0,0.0568,0.0,0.658,5.101,0.0,0.006507,0.0504,0.0,0.004509,0.035,0.0,0.004543,0.0352,0.0
firefox-android,4654130,646,388,129,129,2273,0.7152,0.0,20,0.130613,1.0125,0.0,0.1847,0.0,0.868,6.728,0.0,0.009883,0.0766,0.0,0.008308,0.0644,0.0,0.008634,0.0669,0.0
firefox-android,4654654,643,386,129,128,2273,0.6134,0.0,18,0.102294,0.7992,0.0,0.0802,0.0,0.816,6.375,0.0,0.008002,0.0625,0.0,0.006647,0.0519,0.0,0.009502,0.0742,0.0
firefox-android,4654655,643,386,129,128,2273,0.7862,0.0,20,0.129517,1.0119,0.0,0.1292,0.0,0.7138,5.577,0.0,0.010789,0.0843,0.0,0.005878,0.0459,0.0,0.006174,0.0482,0.0
firefox-android,4654656,643,386,129,128,2273,0.7667,0.0,18,0.112493,0.8788,0.0,0.1155,0.0,0.8654,6.761,0.0,0.013551,0.1059,0.0,0.010251,0.0801,0.0,0.010118,0.079,0.0
firefox-android,4654657,643,386,129,128,2273,0.6798,0.0,20,0.081339,0.6355,0.0,0.0883,0.0,0.7385,5.77,0.0,0.006211,0.0485,0.0,0.004211,0.0329,0.0,0.004219,0.033,0.0
firefox-android,4654658,643,386,129,128,2273,0.5589,0.0,20,0.101332,0.7917,0.0,0.1568,0.0,1.2157,9.498,0.0,0.00592,0.0463,0.0,0.003912,0.0306,0.0,0.003896,0.0304,0.0
firefox-android,4654660,643,386,129,128,2273,0.5195,0.0,20,0.102274,0.799,0.0,0.0988,0.0,0.7346,5.739,0.0,0.006761,0.0528,0.0,0.004999,0.0391,0.0,0.004932,0.0385,0.0
firefox-android,4654662,643,386,129,128,2273,0.7548,0.0,20,0.130024,1.0158,0.0,0.152,0.0,0.8523,6.659,0.0,0.006099,0.0477,0.0,0.004058,0.0317,0.0,0.004345,0.0339,0.0
firefox-android,4654663,643,386,129,128,2273,0.6918,0.0,20,0.091056,0.7114,0.0,0.0972,0.0,1.18,9.218,0.0,0.012887,0.1007,0.0,0.006976,0.0545,0.0,0.009791,0.0765,0.0
firefox-android,4654664,643,386,129,128,2273,0.7623,0.0,20,0.113787,0.889,0.0,0.1035,0.0,0.858,6.703,0.0,0.008569,0.0669,0.0,0.005203,0.0406,0.0,0.00652,0.0509,0.0
firefox-android,4654665,643,386,129,128,2273,0.6598,0.0,20,0.154852,1.2098,0.0,0.1137,0.0,1.3756,10.747,0.0,0.019537,0.1526,0.0,0.015672,0.1224,0.0,0.014886,0.1163,0.0
firefox-android,4654666,643,386,129,128,2273,0.9285,0.0,20,0.153578,1.1998,0.0,0.1226,0.0,1.2139,9.484,0.0,0.016578,0.1295,0.0,0.011557,0.0903,0.0,0.008057,0.0629,0.0
firefox-android,4654667,643,386,129,128,2273,0.6949,0.0,15,0.157362,1.2294,0.0,0.1209,0.0,1.0214,7.98,0.0,0.017785,0.1389,0.0,0.0119,0.093,0.0,0.011898,0.093,0.0
firefox-android,4654669,643,386,129,128,2273,0.8322,0.0,20,0.134468,1.0505,0.0,0.1126,0.0,1.2602,9.845,0.0,0.014294,0.1117,0.0,0.012472,0.0974,0.0,0.00898,0.0702,0.0
firefox-android,4654671,643,386,129,128,2273,0.8923,0.0,20,0.120663,0.9427,0.0,0.1215,0.0,1.3234,10.339,0.0,0.016252,0.127,0.0,0.015618,0.122,0.0,0.012197,0.0953,0.0
firefox-android,4670242,637,382,127,128,2273,0.64,0.0,20,0.109304,0.8539,0.0,0.057,0.0,0.6806,5.317,0.0,0.006975,0.0545,0.0,0.004878,0.0381,0.0,0.004661,0.0364,0.0
firefox-android,4670243,637,382,127,128,2273,0.525,8.0,20,0.088389,0.6905,0.0,0.0466,0.0,0.7306,5.708,0.0,0.010891,0.0851,0.0,0.004919,0.0384,0.0,0.00789,0.0616,0.0
firefox-android,4670245,637,382,127,128,2273,0.9128,0.0,20,0.173224,1.3533,0.0,0.1544,0.0,0.5777,4.514,64.0,0.006809,0.0532,0.0,0.004745,0.0371,0.0,0.00468,0.0366,0.0
firefox-android,4670246,637,382,127,128,2273,0.489,0.0,20,0.104667,0.8177,0.0,0.0474,0.0,0.7757,6.061,0.0,0.011767,0.0919,0.0,0.007664,0.0599,0.0,0.007737,0.0604,0.0
firefox-android,4653987,634,380,127,127,2273,0.5902,0.0,20,0.104942,0.8263,0.0,0.0996,0.0,0.6997,5.51,0.0,0.006719,0.0529,0.0,0.004534,0.0357,0.0,0.004539,0.0357,0.0
firefox-android,4653988,634,380,127,127,2273,0.6501,0.0,20,0.116196,0.9149,0.0,0.1116,0.0,1.0942,8.616,0.0,0.007911,0.0623,0.0,0.006393,0.0503,0.0,0.006004,0.0473,0.0
firefox-android,4653989,634,380,127,127,2273,0.6309,0.0,20,0.097379,0.7668,0.0,0.0806,0.0,0.6936,5.461,0.0,0.012241,0.0964,0.0,0.008274,0.0651,0.0,0.008509,0.067,0.0
firefox-android,4653990,634,380,127,127,2273,0.7585,0.0,20,0.133913,1.0544,0.0,0.1195,0.0,0.7851,6.182,0.0,0.007114,0.056,0.0,0.004848,0.0382,0.0,0.004925,0.0388,0.0
firefox-android,4653991,634,380,127,127,2273,0.6134,0.0,20,0.089696,0.7063,0.0,0.1113,0.0,1.1461,9.024,0.0,0.016241,0.1279,0.0,0.011707,0.0922,0.0,0.013996,0.1102,0.0
firefox-android,4653993,634,380,127,127,2273,0.7442,0.0,20,0.110934,0.8735,0.0,0.0819,0.0,0.6811,5.363,0.0,0.00705,0.0555,0.0,0.004605,0.0363,0.0,0.004712,0.0371,0.0
firefox-android,4653995,634,380,127,127,2273,0.6202,0.0,20,0.135996,1.0708,0.0,0.1529,0.0,0.9229,7.267,0.0,0.007411,0.0584,0.0,0.005102,0.0402,0.0,0.005083,0.04,0.0
firefox-android,4653996,634,380,127,127,2273,0.6437,0.0,20,0.098859,0.7784,0.0,0.0786,0.0,0.8721,6.867,0.0,0.014575,0.1148,0.0,0.009691,0.0763,0.0,0.00935,0.0736,0.0
firefox-android,4653997,634,380,127,127,2273,0.7493,0.0,20,0.1102,0.8677,0.0,0.0571,0.0,0.6697,5.273,0.0,0.007959,0.0627,0.0,0.004897,0.0386,0.0,0.004695,0.037,0.0
firefox-android,4653998,634,380,127,127,2273,0.5736,0.0,20,0.101058,0.7957,0.0,0.1326,0.0,1.017,8.008,0.0,0.013318,0.1049,0.0,0.009375,0.0738,0.0,0.009272,0.073,0.0
firefox-android,4653999,634,380,127,127,2273,0.6454,0.0,20,0.120548,0.9492,0.0,0.0734,0.0,0.6582,5.183,0.0,0.008997,0.0708,0.0,0.007423,0.0584,0.0,0.009358,0.0737,0.0
firefox-android,4654000,634,380,127,127,2273,0.7097,0.0,20,0.125056,0.9847,0.0,0.0827,0.0,0.7197,5.667,0.0,0.007765,0.0611,0.0,0.005343,0.0421,0.0,0.004675,0.0368,0.0
firefox-android,4654002,634,380,127,127,2273,0.6041,0.0,20,0.106347,0.8374,0.0,0.0784,0.0,0.671,5.284,0.0,0.007568,0.0596,0.0,0.004845,0.0382,0.0,0.004871,0.0384,0.0
firefox-android,4654004,634,380,127,127,2273,0.7213,0.0,20,0.130871,1.0305,0.0,0.0941,0.0,0.8305,6.54,0.0,0.00698,0.055,0.0,0.004674,0.0368,0.0,0.004659,0.0367,0.0
firefox-android,4654636,634,380,127,127,2273,0.5755,0.0,20,0.103492,0.8149,0.0,0.1729,0.0,0.658,5.181,0.0,0.00679,0.0535,0.0,0.004637,0.0365,0.0,0.004657,0.0367,0.0
firefox-android,4654637,634,380,127,127,2273,0.6965,0.0,20,0.123758,0.9745,0.0,0.1986,0.0,0.9598,7.557,0.0,0.008936,0.0704,0.0,0.006204,0.0488,0.0,0.006266,0.0493,0.0
firefox-android,4654638,634,380,127,127,2273,0.7584,0.0,20,0.09983,0.7861,0.0,0.1254,0.0,1.2049,9.487,0.0,0.012131,0.0955,0.0,0.006546,0.0515,0.0,0.007193,0.0566,0.0
firefox-android,4654639,634,380,127,127,2273,0.7186,0.0,20,0.076245,0.6004,0.0,0.0813,0.0,0.5446,4.288,0.0,0.006072,0.0478,0.0,0.004145,0.0326,0.0,0.004268,0.0336,0.0
firefox-android,4654640,634,380,127,127,2273,0.4993,0.0,20,0.065022,0.512,0.0,0.0807,0.0,0.9627,7.581,0.0,0.014726,0.116,0.0,0.010202,0.0803,0.0,0.010383,0.0818,0.0
firefox-android,4654642,634,380,127,127,2273,0.7851,0.0,20,0.131571,1.036,0.0,0.0924,0.0,0.8299,6.534,0.0,0.010439,0.0822,0.0,0.007034,0.0554,0.0,0.005834,0.0459,0.0
firefox-android,4654644,634,380,127,127,2273,0.8026,0.0,20,0.105286,0.829,0.0,0.1222,0.0,1.149,9.048,0.0,0.008788,0.0692,0.0,0.010992,0.0865,0.0,0.011831,0.0932,0.0
firefox-android,4654645,634,380,127,127,2273,0.7813,0.0,20,0.109506,0.8623,0.0,0.1432,0.0,0.7501,5.907,0.0,0.007275,0.0573,0.0,0.005005,0.0394,0.0,0.005009,0.0394,0.0
firefox-android,4654646,634,380,127,127,2273,0.6149,0.0,20,0.099826,0.786,0.0,0.2232,0.0,1.0796,8.501,0.0,0.016241,0.1279,0.0,0.008515,0.0671,0.0,0.007957,0.0627,0.0
firefox-android,4654647,634,380,127,127,2273,0.7979,0.0,20,0.090103,0.7095,0.0,0.1491,0.0,0.6871,5.41,0.0,0.007854,0.0618,0.0,0.00515,0.0406,0.0,0.005127,0.0404,0.0
firefox-android,4654648,634,380,127,127,2273,0.4859,0.0,16,0.123791,0.9747,0.0,0.192,0.0,0.9796,7.713,0.0,0.007241,0.057,0.0,0.004971,0.0391,0.0,0.007906,0.0623,0.0
firefox-android,4654649,634,380,127,127,2273,0.6285,0.0,20,0.100188,0.7889,0.0,0.2109,0.0,0.7092,5.584,0.0,0.007347,0.0578,0.0,0.005124,0.0403,0.0,0.006505,0.0512,0.0
firefox-android,4654651,634,380,127,127,2273,0.8086,0.0,20,0.129846,1.0224,0.0,0.0891,0.0,0.7414,5.838,0.0,0.007749,0.061,0.0,0.00517,0.0407,0.0,0.005473,0.0431,0.0
firefox-android,4654653,634,380,127,127,2273,0.4803,0.0,15,0.11398,0.8975,0.0,0.0856,0.0,1.1619,9.149,0.0,0.016255,0.128,0.0,0.011455,0.0902,0.0,0.01149,0.0905,0.0
firefox-android,4654582,620,372,124,124,2273,0.7365,0.0,20,0.080827,0.6518,0.0,0.1307,0.0,0.6784,5.471,0.0,0.007274,0.0587,0.0,0.004329,0.0349,0.0,0.004407,0.0355,0.0
firefox-android,4654583,620,372,124,124,2273,0.7427,2360.0,20,0.136265,1.0989,0.0,0.1458,0.0,0.8505,6.859,0.0,0.006985,0.0563,0.0,0.004725,0.0381,0.0,0.005528,0.0446,0.0
firefox-android,4654584,620,372,124,124,2273,0.5951,1908.0,20,0.111443,0.8987,0.0,0.1195,0.0,1.0857,8.755,0.0,0.017559,0.1416,0.0,0.008677,0.07,0.0,0.012149,0.098,0.0
firefox-android,4654585,620,372,124,124,2273,0.8726,1908.0,20,0.134932,1.0882,0.0,0.1383,0.0,1.1465,9.246,0.0,0.018076,0.1458,0.0,0.013016,0.105,0.0,0.013515,0.109,0.0
firefox-android,4654586,620,372,124,124,2273,1.0113,1908.0,20,0.193768,1.5626,0.0,0.1752,0.0,0.9728,7.845,0.0,0.01018,0.0821,0.0,0.006666,0.0538,0.0,0.006937,0.0559,0.0
firefox-android,4654590,620,372,124,124,2273,0.8248,1908.0,20,0.113601,0.9161,0.0,0.1647,0.0,1.3024,10.503,0.0,0.013822,0.1115,0.0,0.00983,0.0793,0.0,0.011801,0.0952,0.0
firefox-android,4654591,620,372,124,124,2273,0.8958,1908.0,20,0.113261,0.9134,0.0,0.1011,0.0,1.2218,9.853,0.0,0.013624,0.1099,0.0,0.008647,0.0697,0.0,0.006872,0.0554,0.0
firefox-android,4654592,620,372,124,124,2273,0.9819,1908.0,20,0.179369,1.4465,0.0,0.1206,0.0,1.1537,9.304,0.0,0.013421,0.1082,0.0,0.014358,0.1158,0.0,0.012188,0.0983,0.0
firefox-android,4654594,620,372,124,124,2273,0.813,2388.0,20,0.119906,0.967,0.0,0.1138,0.0,1.3844,11.164,0.0,0.012945,0.1044,0.0,0.012893,0.104,0.0,0.012839,0.1035,0.0
firefox-android,4654595,620,372,124,124,2273,0.8659,1908.0,20,0.109853,0.8859,0.0,0.1229,0.0,0.9075,7.319,0.0,0.009398,0.0758,0.0,0.007158,0.0577,0.0,0.006496,0.0524,0.0
firefox-android,4654597,620,372,124,124,2273,0.8874,1908.0,20,0.14252,1.1494,0.0,0.1103,0.0,0.8693,7.01,0.0,0.006034,0.0487,0.0,0.00469,0.0378,0.0,0.004154,0.0335,0.0
firefox-android,4654599,620,372,124,124,2273,0.5459,1908.0,20,0.058439,0.4713,0.0,0.0825,0.0,0.7055,5.689,0.0,0.008102,0.0653,0.0,0.005749,0.0464,0.0,0.004441,0.0358,0.0
firefox-android,4654510,619,371,124,124,2273,0.5932,3104.0,20,0.083132,0.6704,0.0,0.1191,0.0,0.6231,5.025,0.0,0.006191,0.0499,0.0,0.004558,0.0368,0.0,0.004398,0.0355,0.0
firefox-android,4654511,619,371,124,124,2273,0.552,948.0,20,0.118146,0.9528,0.0,0.1239,0.0,0.7605,6.133,0.0,0.007265,0.0586,0.0,0.004422,0.0357,0.0,0.007788,0.0628,0.0
firefox-android,4654512,619,371,124,124,2273,0.525,1908.0,20,0.090507,0.7299,0.0,0.1164,0.0,0.8132,6.558,0.0,0.013734,0.1108,0.0,0.010118,0.0816,0.0,0.010126,0.0817,0.0
firefox-android,4654513,619,371,124,124,2273,0.922,1908.0,20,0.111628,0.9002,0.0,0.1551,0.0,0.7238,5.837,0.0,0.007058,0.0569,0.0,0.004995,0.0403,0.0,0.005107,0.0412,0.0
firefox-android,4654514,619,371,124,124,2273,0.664,1908.0,20,0.12628,1.0184,0.0,0.2145,0.0,1.0188,8.216,0.0,0.013283,0.1071,0.0,0.005782,0.0466,0.0,0.005589,0.0451,0.0
firefox-android,4654516,619,371,124,124,2273,0.6559,1908.0,20,0.103782,0.837,0.0,0.1058,0.0,0.8306,6.698,0.0,0.017836,0.1438,0.0,0.012203,0.0984,0.0,0.015089,0.1217,0.0
firefox-android,4654519,619,371,124,124,2273,0.9149,1908.0,20,0.160332,1.293,0.0,0.201,0.0,0.6611,5.331,0.0,0.006582,0.0531,0.0,0.004508,0.0364,0.0,0.004576,0.0369,0.0
firefox-android,4654520,619,371,124,124,2273,0.6024,1908.0,20,0.10503,0.847,0.0,0.125,0.0,1.1622,9.373,0.0,0.013539,0.1092,0.0,0.006741,0.0544,0.0,0.009093,0.0733,0.0
firefox-android,4654522,619,371,124,124,2273,0.827,1908.0,20,0.109011,0.8791,0.0,0.2083,0.0,0.9651,7.783,0.0,0.016133,0.1301,0.0,0.013734,0.1108,0.0,0.015892,0.1282,0.0
firefox-android,4654525,619,371,124,124,2273,0.9028,1908.0,20,0.162971,1.3143,0.0,0.1238,0.0,0.6699,5.403,0.0,0.014651,0.1181,0.0,0.010126,0.0817,0.0,0.009333,0.0753,0.0
firefox-android,4654527,619,371,124,124,2273,0.6125,1908.0,20,0.084388,0.6805,0.0,0.0744,0.0,0.8036,6.481,0.0,0.010455,0.0843,0.0,0.004667,0.0376,0.0,0.005688,0.0459,0.0
firefox-android,4653789,617,370,123,124,2273,0.7268,1908.0,20,0.096374,0.7772,0.0,0.2405,0.0,0.7207,5.812,0.0,0.006951,0.0561,0.0,0.005428,0.0438,0.0,0.004895,0.0395,0.0
firefox-android,4653790,617,370,123,124,2273,0.6682,1908.0,17,0.138128,1.1139,0.0,0.1997,0.0,0.9084,7.325,0.0,0.00693,0.0559,0.0,0.005693,0.0459,0.0,0.004833,0.039,0.0
firefox-android,4653792,617,370,123,124,2273,0.6589,1908.0,20,0.110975,0.895,0.0,0.1953,0.0,0.9398,7.579,0.0,0.036222,0.2921,0.0,0.011145,0.0899,0.0,0.021881,0.1765,0.0
firefox-android,4653793,617,370,123,124,2273,0.7937,1908.0,20,0.141557,1.1416,0.0,0.1603,0.0,0.7192,5.8,0.0,0.006629,0.0535,0.0,0.005725,0.0462,0.0,0.005487,0.0442,0.0
firefox-android,4653798,617,370,123,124,2273,0.331,1908.0,10,0.124313,1.0025,0.0,0.2888,0.0,1.0059,8.112,0.0,0.008926,0.072,0.0,0.006208,0.0501,0.0,0.006624,0.0534,0.0
firefox-android,4653799,617,370,123,124,2273,0.3462,1908.0,10,0.107604,0.8678,0.0,0.2404,0.0,0.987,7.959,0.0,0.016456,0.1327,0.0,0.006668,0.0538,0.0,0.0057,0.046,0.0
firefox-android,4653804,617,370,123,124,2273,0.8386,1908.0,20,0.098949,0.798,0.0,0.0888,0.0,1.151,9.283,4.0,0.009475,0.0764,0.0,0.006777,0.0547,0.0,0.0064,0.0516,0.0
firefox-android,4653806,617,370,123,124,2273,1.0125,1908.0,20,0.187732,1.514,0.0,0.1841,0.0,1.5243,12.293,0.0,0.013408,0.1081,0.0,0.009875,0.0796,0.0,0.009055,0.073,0.0
firefox-android,4654384,605,363,121,121,2273,1.067,3104.0,20,0.155142,1.2822,0.0,0.1824,0.0,1.38,11.405,0.0,0.022817,0.1886,0.0,0.015985,0.1321,0.0,0.013563,0.1121,0.0
firefox-android,4654385,605,363,121,121,2273,1.1411,888.0,20,0.16885,1.3955,0.0,0.1787,0.0,1.0786,8.914,0.0,0.021893,0.1809,0.0,0.014297,0.1182,0.0,0.013662,0.1129,0.0
firefox-android,4654386,605,363,121,121,2273,0.9607,2356.0,20,0.618449,5.1111,0.0,0.2165,0.0,1.5969,13.198,0.0,0.021483,0.1775,0.0,0.009513,0.0786,0.0,0.012715,0.1051,0.0
firefox-android,4654387,605,363,121,121,2273,0.9095,1908.0,20,0.141971,1.1733,0.0,0.2032,0.0,1.0518,8.693,0.0,0.018057,0.1492,0.0,0.0127,0.105,0.0,0.007683,0.0635,0.0
firefox-android,4654388,605,363,121,121,2273,0.979,1908.0,20,0.168576,1.3932,0.0,0.3156,0.0,1.471,12.157,0.0,0.009349,0.0773,0.0,0.009368,0.0774,0.0,0.006089,0.0503,0.0
firefox-android,4654390,605,363,121,121,2273,0.9901,2356.0,20,0.184358,1.5236,0.0,0.143,0.0,1.0961,9.058,0.0,0.013256,0.1096,0.0,0.006309,0.0521,0.0,0.008959,0.074,0.0
firefox-android,4654392,605,363,121,121,2273,0.8266,2356.0,20,0.120111,0.9927,0.0,0.1552,0.0,0.6409,5.296,0.0,0.007627,0.063,0.0,0.004433,0.0366,0.0,0.004375,0.0362,0.0
firefox-android,4654393,605,363,121,121,2273,0.5587,2356.0,20,0.085454,0.7062,0.0,0.1094,0.0,0.6543,5.407,0.0,0.005775,0.0477,0.0,0.003788,0.0313,0.0,0.003875,0.032,0.0
firefox-android,4654394,605,363,121,121,2273,0.516,1908.0,20,0.070357,0.5815,0.0,0.0954,0.0,0.6817,5.634,0.0,0.006286,0.052,0.0,0.004486,0.0371,0.0,0.009279,0.0767,0.0
firefox-android,4654395,605,363,121,121,2273,0.7919,1908.0,20,0.132534,1.0953,0.0,0.1582,0.0,0.739,6.108,0.0,0.008208,0.0678,0.0,0.006488,0.0536,0.0,0.007672,0.0634,0.0
firefox-android,4654396,605,363,121,121,2273,0.6178,1908.0,20,0.102421,0.8465,0.0,0.1288,0.0,1.0939,9.04,64.0,0.013959,0.1154,0.0,0.0078,0.0645,0.0,0.005732,0.0474,0.0
firefox-android,4654397,605,363,121,121,2273,0.6787,1908.0,20,0.101791,0.8412,0.0,0.1924,0.0,0.6739,5.57,0.0,0.006849,0.0566,0.0,0.00454,0.0375,0.0,0.004582,0.0379,0.0
firefox-android,4654399,605,363,121,121,2273,0.7565,1908.0,20,0.139795,1.1553,0.0,0.1138,0.0,0.8577,7.089,0.0,0.007037,0.0582,0.0,0.005255,0.0434,0.0,0.005028,0.0416,0.0
firefox-android,4654401,605,363,121,121,2273,0.6624,1908.0,20,0.090233,0.7457,0.0,0.1122,0.0,0.8745,7.227,0.0,0.015079,0.1246,0.0,0.01119,0.0925,0.0,0.011494,0.095,0.0
firefox-android,4654672,603,362,121,120,2273,0.756,1892.0,20,0.101957,0.8496,0.0,0.1536,0.0,0.6271,5.226,0.0,0.006828,0.0569,0.0,0.004326,0.0361,0.0,0.005168,0.0431,0.0
firefox-android,4654673,603,362,121,120,2273,0.6568,1908.0,20,0.121395,1.0116,0.0,0.1483,0.0,0.9213,7.677,0.0,0.0084,0.07,0.0,0.006628,0.0552,0.0,0.006403,0.0534,0.0
firefox-android,4654675,603,362,121,120,2273,0.7077,1908.0,20,0.09246,0.7705,0.0,0.1173,0.0,0.79,6.584,0.0,0.007099,0.0592,0.0,0.004494,0.0375,0.0,0.008373,0.0698,0.0
firefox-android,4654676,603,362,121,120,2273,0.8495,1908.0,20,0.145602,1.2133,0.0,0.1906,0.0,0.734,6.117,0.0,0.011125,0.0927,0.0,0.004689,0.0391,0.0,0.004636,0.0386,0.0
firefox-android,4654678,603,362,121,120,2273,0.6695,1908.0,20,0.105189,0.8766,0.0,0.1027,0.0,1.0078,8.399,0.0,0.010006,0.0834,0.0,0.008794,0.0733,0.0,0.009377,0.0781,0.0
firefox-android,4654681,603,362,121,120,2273,0.695,1908.0,20,0.12076,1.0063,0.0,0.1161,0.0,0.6889,5.741,0.0,0.006218,0.0518,0.0,0.004219,0.0352,0.0,0.004448,0.0371,0.0
firefox-android,4654682,603,362,121,120,2273,0.7602,1908.0,20,0.124323,1.036,0.0,0.1526,0.0,0.7677,6.398,0.0,0.006651,0.0554,0.0,0.004965,0.0414,0.0,0.004567,0.0381,0.0
firefox-android,4654684,603,362,121,120,2273,0.6379,1908.0,20,0.118049,0.9837,0.0,0.1358,0.0,1.0891,9.076,0.0,0.013725,0.1144,0.0,0.01309,0.1091,0.0,0.009945,0.0829,0.0
firefox-android,4654685,603,362,121,120,2273,0.7063,1908.0,20,0.110362,0.9197,0.0,0.1761,0.0,0.6265,5.221,0.0,0.006188,0.0516,0.0,0.004245,0.0354,0.0,0.004279,0.0357,0.0
firefox-android,4654687,603,362,121,120,2273,0.7443,1908.0,20,0.125554,1.0463,0.0,0.1216,0.0,0.8543,7.119,0.0,0.006483,0.054,0.0,0.004198,0.035,0.0,0.004971,0.0414,0.0
firefox-android,4653825,600,360,120,120,2273,0.6365,2036.0,20,0.104521,0.871,0.0,0.1031,0.0,1.0368,8.64,0.0,0.013495,0.1125,0.0,0.00564,0.047,0.0,0.005991,0.0499,0.0
firefox-android,4653826,600,360,120,120,2273,0.7729,116.0,20,0.116176,0.9681,0.0,0.1068,0.0,0.6606,5.505,0.0,0.006611,0.0551,0.0,0.00434,0.0362,0.0,0.00531,0.0443,0.0
firefox-android,4653828,600,360,120,120,2273,0.7532,116.0,20,0.12721,1.0601,0.0,0.1407,0.0,0.8597,7.164,0.0,0.00702,0.0585,0.0,0.004831,0.0403,0.0,0.006456,0.0538,0.0
firefox-android,4653829,600,360,120,120,2273,0.6623,348.0,20,0.098713,0.8226,0.0,0.1012,0.0,0.9864,8.22,0.0,0.01394,0.1162,0.0,0.009582,0.0799,0.0,0.00966,0.0805,0.0
firefox-android,4653831,600,360,120,120,2273,0.7442,0.0,20,0.118465,0.9872,0.0,0.1025,0.0,0.9134,7.611,0.0,0.008406,0.07,0.0,0.005755,0.048,0.0,0.005823,0.0485,0.0
firefox-android,4653833,600,360,120,120,2273,0.7888,116.0,20,0.138107,1.1509,0.0,0.1395,0.0,0.8856,7.38,0.0,0.005911,0.0493,0.0,0.003907,0.0326,0.0,0.004088,0.0341,0.0
firefox-android,4653834,600,360,120,120,2273,0.5516,116.0,20,0.089007,0.7417,0.0,0.08,0.0,0.8981,7.484,0.0,0.015917,0.1326,0.0,0.010897,0.0908,0.0,0.011444,0.0954,0.0
firefox-android,4653836,600,360,120,120,2273,0.7625,116.0,20,0.088043,0.7337,24.0,0.1372,0.0,0.6993,5.827,0.0,0.006982,0.0582,0.0,0.004704,0.0392,0.0,0.004742,0.0395,0.0
firefox-android,4653837,600,360,120,120,2273,0.7531,208.0,20,0.125062,1.0422,0.0,0.1171,0.0,0.8733,7.278,0.0,0.014535,0.1211,0.0,0.007046,0.0587,0.0,0.005555,0.0463,0.0
firefox-android,4653838,600,360,120,120,2273,0.8068,0.0,20,0.105914,0.8826,0.0,0.1151,0.0,1.2553,10.461,36.0,0.014293,0.1191,0.0,0.009837,0.082,0.0,0.010312,0.0859,0.0
firefox-android,4653840,600,360,120,120,2273,0.6423,104.0,16,0.138086,1.1507,0.0,0.0726,0.0,0.7709,6.424,0.0,0.00584,0.0487,0.0,0.004487,0.0374,0.0,0.004006,0.0334,0.0
firefox-android,4653842,600,360,120,120,2273,0.4619,348.0,16,0.083421,0.6952,24.0,0.0571,0.0,0.8757,7.297,0.0,0.009536,0.0795,0.0,0.006062,0.0505,0.0,0.006088,0.0507,0.0
firefox-android,4654564,591,355,118,118,2273,0.7147,0.0,20,0.102428,0.868,0.0,0.0863,0.0,0.6387,5.413,0.0,0.009614,0.0815,0.0,0.005121,0.0434,0.0,0.004771,0.0404,0.0
firefox-android,4654566,591,355,118,118,2273,0.7799,0.0,20,0.12267,1.0396,0.0,0.1419,0.0,0.6741,5.713,0.0,0.006432,0.0545,0.0,0.004882,0.0414,0.0,0.004508,0.0382,0.0
firefox-android,4654567,591,355,118,118,2273,0.5494,116.0,20,0.10595,0.8979,0.0,0.1098,0.0,0.9995,8.47,0.0,0.013525,0.1146,0.0,0.009432,0.0799,0.0,0.010843,0.0919,0.0
firefox-android,4654568,591,355,118,118,2273,0.7363,360.0,20,0.085262,0.7226,0.0,0.0872,0.0,0.6881,5.831,0.0,0.010218,0.0866,0.0,0.010501,0.089,0.0,0.00783,0.0664,0.0
firefox-android,4654573,591,355,118,118,2273,0.8229,0.0,20,0.138337,1.1723,0.0,0.3214,0.0,0.6761,5.73,0.0,0.006881,0.0583,0.0,0.004608,0.0391,0.0,0.004647,0.0394,0.0
firefox-android,4654574,591,355,118,118,2273,0.619,360.0,20,0.085634,0.7257,0.0,0.151,0.0,1.0269,8.703,0.0,0.016215,0.1374,0.0,0.010466,0.0887,0.0,0.007602,0.0644,0.0
firefox-android,4654575,591,355,118,118,2273,0.8116,116.0,20,0.095768,0.8116,0.0,0.1665,0.0,0.8288,7.024,0.0,0.014368,0.1218,0.0,0.00585,0.0496,0.0,0.009455,0.0801,0.0
firefox-android,4654576,591,355,118,118,2273,0.8539,116.0,20,0.134111,1.1365,0.0,0.2234,0.0,0.5702,4.832,0.0,0.005623,0.0477,0.0,0.003813,0.0323,0.0,0.003847,0.0326,0.0
firefox-android,4654577,591,355,118,118,2273,0.5479,0.0,20,0.101822,0.8629,0.0,0.2077,0.0,0.8997,7.624,0.0,0.013216,0.112,0.0,0.010385,0.088,0.0,0.009759,0.0827,0.0
firefox-android,4654579,591,355,118,118,2273,0.6469,116.0,20,0.086486,0.7329,24.0,0.1564,0.0,0.9726,8.242,0.0,0.012295,0.1042,0.0,0.008829,0.0748,0.0,0.010345,0.0877,0.0
firefox-android,4654581,591,355,118,118,2273,0.8425,0.0,20,0.101304,0.8585,0.0,0.2141,0.0,0.7405,6.275,0.0,0.01575,0.1335,0.0,0.010053,0.0852,0.0,0.008347,0.0707,0.0
firefox-android,4653372,587,352,117,118,2273,0.7837,908.0,20,0.144712,1.2264,0.0,0.1508,0.0,0.9851,8.349,0.0,0.013899,0.1178,0.0,0.012137,0.1029,0.0,0.012113,0.1027,0.0
firefox-android,4653590,587,352,117,118,2273,0.8887,0.0,20,0.140574,1.1913,0.0,0.1143,4.0,1.2951,10.976,0.0,0.01808,0.1532,0.0,0.011962,0.1014,0.0,0.012169,0.1031,0.0
firefox-android,4654041,585,351,117,117,2273,1.0096,844.0,20,0.149465,1.2775,0.0,0.1445,0.0,0.9704,8.294,0.0,0.009151,0.0782,0.0,0.006095,0.0521,0.0,0.008481,0.0725,0.0
firefox-android,4654042,585,351,117,117,2273,0.8491,0.0,20,0.126226,1.0789,0.0,0.1358,0.0,0.8175,6.987,0.0,0.008295,0.0709,0.0,0.005666,0.0484,0.0,0.00568,0.0486,0.0
firefox-android,4654043,585,351,117,117,2273,0.7525,116.0,20,0.131753,1.1261,0.0,0.1814,0.0,1.3293,11.362,0.0,0.010538,0.0901,0.0,0.005809,0.0497,0.0,0.005647,0.0483,0.0
firefox-android,4654044,585,351,117,117,2273,0.6316,116.0,19,0.129041,1.1029,24.0,0.1591,0.0,1.1977,10.236,0.0,0.018093,0.1546,0.0,0.011881,0.1015,0.0,0.012828,0.1096,0.0
firefox-android,4654045,585,351,117,117,2273,1.1846,0.0,20,0.168282,1.4383,0.0,0.178,0.0,1.0609,9.067,0.0,0.015398,0.1316,0.0,0.012177,0.1041,0.0,0.010345,0.0884,0.0
firefox-android,4654047,585,351,117,117,2273,0.8668,416.0,20,0.174735,1.4935,0.0,0.1665,0.0,1.1788,10.075,0.0,0.013291,0.1136,0.0,0.010177,0.087,0.0,0.011427,0.0977,0.0
firefox-android,4654049,585,351,117,117,2273,0.7541,116.0,20,0.10532,0.9002,0.0,0.1181,0.0,1.0521,8.992,0.0,0.015586,0.1332,0.0,0.009653,0.0825,0.0,0.007964,0.0681,0.0
firefox-android,4654050,585,351,117,117,2273,0.8605,0.0,15,0.153264,1.3099,0.0,0.193,0.0,0.9792,8.369,0.0,0.008763,0.0749,0.0,0.006531,0.0558,0.0,0.006019,0.0514,0.0
firefox-android,4654051,585,351,117,117,2273,0.8756,416.0,20,0.204449,1.7474,0.0,0.1599,0.0,1.4489,12.384,0.0,0.00958,0.0819,0.0,0.006004,0.0513,0.0,0.006325,0.0541,0.0
firefox-android,4654052,585,351,117,117,2273,0.9577,116.0,20,0.127417,1.089,0.0,0.1623,0.0,1.0808,9.237,0.0,0.016232,0.1387,0.0,0.012203,0.1043,0.0,0.014098,0.1205,0.0
firefox-android,4654054,585,351,117,117,2273,0.9086,116.0,20,0.114643,0.9799,0.0,0.1074,0.0,1.5195,12.987,0.0,0.014898,0.1273,0.0,0.008589,0.0734,0.0,0.008696,0.0743,0.0
firefox-android,4654056,585,351,117,117,2273,1.0761,364.0,20,0.167877,1.4348,0.0,0.1378,0.0,1.5063,12.874,0.0,0.012141,0.1038,0.0,0.008601,0.0735,0.0,0.00882,0.0754,0.0
firefox-android,4654366,582,349,116,117,2273,1.0396,308.0,20,0.2018,1.7248,0.0,0.2096,0.0,1.6459,14.068,0.0,0.013708,0.1172,0.0,0.008478,0.0725,0.0,0.008227,0.0703,0.0
firefox-android,4654367,582,349,116,117,2273,1.0518,364.0,20,0.155109,1.3257,0.0,0.1704,0.0,1.4565,12.449,0.0,0.01721,0.1471,0.0,0.013267,0.1134,0.0,0.013491,0.1153,0.0
firefox-android,4654368,582,349,116,117,2273,1.1329,276.0,20,0.186625,1.5951,0.0,0.2378,0.0,1.4294,12.217,0.0,0.022556,0.1928,0.0,0.015123,0.1293,0.0,0.011986,0.1024,0.0
firefox-android,4654372,582,349,116,117,2273,1.0291,876.0,20,0.189861,1.6227,0.0,0.139,0.0,1.6405,14.021,0.0,0.015351,0.1312,0.0,0.013525,0.1156,0.0,0.008474,0.0724,0.0
firefox-android,4654378,582,349,116,117,2273,1.0841,0.0,20,0.171297,1.4641,0.0,0.2776,0.0,1.6261,13.898,0.0,0.022324,0.1908,0.0,0.015508,0.1325,0.0,0.015736,0.1345,0.0
firefox-android,4654420,582,349,116,117,2273,1.5283,136.0,20,0.181777,1.5536,24.0,0.1513,0.0,1.1484,9.816,0.0,0.011762,0.1005,0.0,0.007416,0.0634,0.0,0.006105,0.0522,0.0
firefox-android,4654421,582,349,116,117,2273,0.6479,416.0,20,0.120445,1.0294,0.0,0.1108,0.0,0.5628,4.811,0.0,0.012162,0.1039,0.0,0.007409,0.0633,0.0,0.006685,0.0571,0.0
firefox-android,4654422,582,349,116,117,2273,0.6741,116.0,19,0.107752,0.921,0.0,0.1206,0.0,0.6782,5.796,0.0,0.008283,0.0708,0.0,0.005669,0.0485,0.0,0.00534,0.0456,0.0
firefox-android,4654423,582,349,116,117,2273,0.7975,116.0,19,0.12509,1.0691,0.0,0.1496,0.0,1.4745,12.603,0.0,0.015306,0.1308,0.0,0.010403,0.0889,0.0,0.007404,0.0633,0.0
firefox-android,4654426,582,349,116,117,2273,0.8183,364.0,19,0.108055,0.9235,0.0,0.1136,0.0,0.8342,7.13,0.0,0.008496,0.0726,0.0,0.006943,0.0593,0.0,0.005845,0.05,0.0
firefox-android,4654428,582,349,116,117,2273,0.9883,0.0,20,0.175113,1.4967,0.0,0.2071,0.0,0.8206,7.014,0.0,0.007656,0.0654,0.0,0.005299,0.0453,0.0,0.005383,0.046,0.0
firefox-android,4654429,582,349,116,117,2273,0.6169,116.0,19,0.131028,1.1199,24.0,0.0838,0.0,1.0597,9.057,0.0,0.014306,0.1223,0.0,0.010183,0.087,0.0,0.009977,0.0853,0.0
firefox-android,4654430,582,349,116,117,2273,0.7875,0.0,20,0.13932,1.1908,0.0,0.0812,0.0,0.6881,5.881,0.0,0.013294,0.1136,0.0,0.009341,0.0798,0.0,0.006328,0.0541,0.0
firefox-android,4654431,582,349,116,117,2273,0.7153,116.0,19,0.156267,1.3356,0.0,0.1487,0.0,0.8396,7.176,0.0,0.007165,0.0612,0.0,0.004896,0.0418,0.0,0.004998,0.0427,0.0
firefox-android,4654432,582,349,116,117,2273,0.6305,116.0,20,0.113831,0.9729,0.0,0.0996,0.0,0.9626,8.227,0.0,0.017033,0.1456,0.0,0.010814,0.0924,0.0,0.011437,0.0978,0.0
firefox-android,4654435,582,349,116,117,2273,0.735,364.0,19,0.104963,0.8971,24.0,0.1357,0.0,0.7289,6.23,0.0,0.008826,0.0754,0.0,0.006085,0.052,0.0,0.005761,0.0492,0.0
firefox-android,4654437,582,349,116,117,2273,0.7333,0.0,19,0.131623,1.125,0.0,0.1154,0.0,0.8999,7.692,0.0,0.007184,0.0614,0.0,0.005169,0.0442,0.0,0.005007,0.0428,0.0
firefox-android,4654077,580,348,116,116,2273,0.6688,116.0,20,0.105582,0.9102,0.0,0.1513,0.0,0.9859,8.499,0.0,0.01571,0.1354,0.0,0.011058,0.0953,0.0,0.011186,0.0964,0.0
firefox-android,4654078,580,348,116,116,2273,0.7126,364.0,20,0.094544,0.815,24.0,0.1491,0.0,0.7278,6.274,0.0,0.00761,0.0656,0.0,0.005626,0.0485,0.0,0.005279,0.0455,0.0
firefox-android,4654079,580,348,116,116,2273,0.8086,0.0,20,0.122406,1.0552,0.0,0.1667,0.0,0.7292,6.286,0.0,0.006421,0.0554,0.0,0.004491,0.0387,0.0,0.004493,0.0387,0.0
firefox-android,4654080,580,348,116,116,2273,0.7596,116.0,20,0.111275,0.9593,0.0,0.1595,0.0,0.9573,8.252,0.0,0.007812,0.0673,0.0,0.005366,0.0463,0.0,0.005443,0.0469,0.0
firefox-android,4654081,580,348,116,116,2273,0.7376,116.0,20,0.094143,0.8116,0.0,0.168,0.0,0.6772,5.838,0.0,0.012812,0.1104,0.0,0.009617,0.0829,0.0,0.00931,0.0803,0.0
firefox-android,4654083,580,348,116,116,2273,0.7987,116.0,20,0.150386,1.2964,0.0,0.234,0.0,0.6702,5.778,0.0,0.006909,0.0596,0.0,0.004727,0.0408,0.0,0.004749,0.0409,0.0
firefox-android,4654086,580,348,116,116,2273,0.5684,576.0,16,0.126969,1.0946,0.0,0.1731,0.0,1.0244,8.831,0.0,0.009031,0.0779,0.0,0.008338,0.0719,0.0,0.005255,0.0453,0.0
firefox-android,4654087,580,348,116,116,2273,0.6852,364.0,20,0.099399,0.8569,0.0,0.0923,0.0,0.8038,6.929,0.0,0.013763,0.1186,0.0,0.007709,0.0665,0.0,0.005924,0.0511,0.0
firefox-android,4654089,580,348,116,116,2273,0.6716,116.0,16,0.145218,1.2519,0.0,0.1337,0.0,0.6598,5.688,0.0,0.006707,0.0578,0.0,0.004785,0.0412,0.0,0.0045,0.0388,0.0
firefox-android,4654090,580,348,116,116,2273,0.6262,0.0,20,0.088168,0.7601,24.0,0.2196,0.0,0.9265,7.987,0.0,0.007325,0.0631,0.0,0.005,0.0431,0.0,0.004882,0.0421,0.0
firefox-android,4654092,580,348,116,116,2273,0.648,0.0,20,0.110477,0.9524,24.0,0.1225,0.0,0.7444,6.418,0.0,0.009399,0.081,0.0,0.008333,0.0718,0.0,0.009422,0.0812,0.0
firefox-android,4654094,580,348,116,116,2273,0.6939,0.0,16,0.12913,1.1132,0.0,0.1142,0.0,0.692,5.965,0.0,0.007125,0.0614,0.0,0.004696,0.0405,0.0,0.004773,0.0411,0.0
firefox-android,4653771,576,346,115,115,2273,0.5818,76.0,20,0.16363,1.4229,0.0,0.1621,0.0,1.1394,9.908,64.0,0.009701,0.0844,0.0,0.006617,0.0575,0.0,0.006883,0.0599,0.0
firefox-android,4653772,576,346,115,115,2273,0.7126,116.0,20,0.10881,0.9462,0.0,0.1264,0.0,0.8342,7.254,0.0,0.014174,0.1232,0.0,0.006117,0.0532,0.0,0.006235,0.0542,0.0
firefox-android,4653777,576,346,115,115,2273,0.9331,364.0,20,0.132149,1.1491,0.0,0.1673,0.0,0.74,6.435,0.0,0.007705,0.067,0.0,0.005032,0.0438,0.0,0.005035,0.0438,0.0
firefox-android,4653780,576,346,115,115,2273,0.702,0.0,20,0.147706,1.2844,0.0,0.2173,0.0,1.0331,8.983,0.0,0.00976,0.0849,0.0,0.006919,0.0602,0.0,0.007021,0.061,0.0
firefox-android,4653781,576,346,115,115,2273,0.669,116.0,20,0.084071,0.731,24.0,0.0979,0.0,0.7619,6.625,0.0,0.011212,0.0975,0.0,0.005378,0.0468,0.0,0.006001,0.0522,0.0
firefox-android,4653782,576,346,115,115,2273,0.8375,0.0,20,0.13499,1.1738,0.0,0.1167,0.0,0.6882,5.984,0.0,0.007099,0.0617,0.0,0.004897,0.0426,0.0,0.005246,0.0456,0.0
firefox-android,4653783,576,346,115,115,2273,0.7025,116.0,20,0.143219,1.2454,0.0,0.1442,0.0,1.0182,8.854,0.0,0.008022,0.0698,0.0,0.005915,0.0514,0.0,0.006168,0.0536,0.0
firefox-android,4653784,576,346,115,115,2273,0.6898,116.0,20,0.111964,0.9736,24.0,0.1389,0.0,0.9134,7.942,0.0,0.019136,0.1664,0.0,0.009733,0.0846,0.0,0.009889,0.086,0.0
firefox-android,4653786,576,346,115,115,2273,0.8336,224.0,20,0.128588,1.1182,0.0,0.0727,0.0,0.6979,6.068,0.0,0.008834,0.0768,0.0,0.006691,0.0582,0.0,0.005724,0.0498,0.0
firefox-android,4653788,576,346,115,115,2273,0.7774,0.0,20,0.166731,1.4498,0.0,0.1164,0.0,0.9594,8.342,0.0,0.00768,0.0668,0.0,0.005063,0.044,0.0,0.005083,0.0442,0.0
firefox-android,4654348,537,322,107,108,2273,0.8379,1260.0,20,0.100159,0.9274,12.0,0.1422,0.0,0.8351,7.732,0.0,0.013817,0.1279,0.0,0.010434,0.0966,0.0,0.01021,0.0945,0.0
firefox-android,4654349,537,322,107,108,2273,0.8243,0.0,20,0.133702,1.238,0.0,0.1494,0.0,0.6695,6.199,0.0,0.008262,0.0765,0.0,0.005596,0.0518,0.0,0.005748,0.0532,0.0
firefox-android,4654350,537,322,107,108,2273,0.6542,0.0,20,0.118477,1.097,0.0,0.1721,0.0,0.9244,8.56,0.0,0.009275,0.0859,0.0,0.005074,0.047,0.0,0.005358,0.0496,0.0
firefox-android,4654351,537,322,107,108,2273,0.6188,0.0,20,0.11052,1.0233,0.0,0.1294,0.0,0.8487,7.859,0.0,0.0125,0.1157,0.0,0.008716,0.0807,0.0,0.008754,0.0811,0.0
firefox-android,4654352,537,322,107,108,2273,0.7754,0.0,20,0.081873,0.7581,0.0,0.1262,0.0,0.7218,6.684,0.0,0.006448,0.0597,0.0,0.004268,0.0395,0.0,0.004325,0.04,0.0
firefox-android,4654354,537,322,107,108,2273,0.6522,0.0,20,0.142367,1.3182,0.0,0.1807,0.0,0.8662,8.02,0.0,0.008308,0.0769,0.0,0.004539,0.042,0.0,0.004525,0.0419,0.0
firefox-android,4654357,537,322,107,108,2273,0.61,0.0,20,0.118326,1.0956,0.0,0.1086,0.0,0.8695,8.051,0.0,0.009197,0.0852,0.0,0.006322,0.0585,0.0,0.009121,0.0845,0.0
firefox-android,4654358,537,322,107,108,2273,0.8114,0.0,20,0.076752,0.7107,0.0,0.1028,0.0,0.6364,5.892,0.0,0.007057,0.0653,0.0,0.005389,0.0499,0.0,0.005965,0.0552,0.0
firefox-android,4654359,537,322,107,108,2273,0.6931,0.0,20,0.115601,1.0704,0.0,0.1565,0.0,0.8598,7.961,0.0,0.006884,0.0637,0.0,0.0048,0.0444,0.0,0.005172,0.0479,0.0
firefox-android,4654360,537,322,107,108,2273,0.6184,0.0,20,0.100315,0.9288,0.0,0.125,0.0,0.6892,6.382,0.0,0.008568,0.0793,0.0,0.006452,0.0597,0.0,0.005564,0.0515,0.0
firefox-android,4654361,537,322,107,108,2273,0.768,0.0,20,0.108232,1.0021,0.0,0.1368,0.0,0.6189,5.731,0.0,0.006783,0.0628,0.0,0.005043,0.0467,0.0,0.004629,0.0429,0.0
firefox-android,4654363,537,322,107,108,2273,0.616,0.0,20,0.099178,0.9183,0.0,0.1443,0.0,1.0326,9.561,0.0,0.008018,0.0742,0.0,0.00583,0.054,0.0,0.005286,0.0489,0.0
firefox-android,4654365,537,322,107,108,2273,0.6893,0.0,20,0.08989,0.8323,0.0,0.1299,0.0,0.7345,6.801,0.0,0.011831,0.1095,0.0,0.008314,0.077,0.0,0.008325,0.0771,0.0
firefox-android,4969030,340,204,68,68,2273,0.2661,0.0,13,0.070378,1.035,0.0,0.2225,0.0,0.535,7.867,0.0,0.004491,0.066,0.0,0.003058,0.045,0.0,0.003089,0.0454,0.0
firefox-android,4969017,320,192,64,64,2273,0.3749,0.0,20,0.054726,0.8551,0.0,0.0766,0.0,0.3689,5.764,0.0,0.003663,0.0572,0.0,0.002531,0.0395,0.0,0.002519,0.0394,0.0
firefox-android,4969022,284,170,57,57,2273,0.3253,1528.0,20,0.04256,0.7467,8.0,0.0684,0.0,0.4486,7.87,0.0,0.006604,0.1159,0.0,0.003285,0.0576,0.0,0.003352,0.0588,0.0
firefox-android,4969012,283,170,57,56,2273,0.337,0.0,17,0.083865,1.4976,8.0,0.0537,0.0,0.5224,9.328,0.0,0.003687,0.0658,0.0,0.002528,0.0451,0.0,0.002518,0.045,0.0
firefox-android,4969013,283,170,57,56,2273,0.2973,0.0,17,0.04159,0.7427,8.0,0.067,0.0,0.3512,6.272,0.0,0.004494,0.0803,0.0,0.003069,0.0548,0.0,0.003193,0.057,0.0
firefox-android,4969042,281,169,56,56,2273,0.2721,0.0,18,0.046762,0.835,8.0,0.1494,0.0,0.3475,6.205,0.0,0.003664,0.0654,0.0,0.002358,0.0421,0.0,0.002348,0.0419,0.0
firefox-android,4969038,241,145,48,48,2273,0.2499,0.0,20,0.046439,0.9675,0.0,0.0636,0.0,0.2834,5.904,0.0,0.002864,0.0597,0.0,0.002742,0.0571,0.0,0.003264,0.068,0.0
firefox-android,4968998,240,144,48,48,2273,0.2989,0.0,20,0.045165,0.9409,0.0,0.0927,0.0,0.3137,6.536,0.0,0.002877,0.0599,0.0,0.001926,0.0401,0.0,0.001946,0.0405,0.0
firefox-android,4968999,240,144,48,48,2273,0.2285,0.0,20,0.026584,0.5538,0.0,0.0402,0.0,0.2673,5.57,0.0,0.002963,0.0617,0.0,0.001844,0.0384,0.0,0.001891,0.0394,0.0
firefox-android,4969014,231,139,46,46,2273,0.1973,896.0,20,0.028462,0.6187,0.0,0.0395,0.0,0.3189,6.932,0.0,0.002735,0.0595,0.0,0.00204,0.0443,0.0,0.00194,0.0422,0.0
firefox-android,4969035,222,133,44,45,2273,0.0935,0.0,8,0.028844,0.641,0.0,0.0834,0.0,0.3161,7.024,0.0,0.003166,0.0704,0.0,0.001933,0.043,0.0,0.001916,0.0426,0.0
firefox-android,4969001,219,131,44,44,2273,0.3399,16.0,20,0.051087,1.1611,0.0,0.0945,0.0,0.3325,7.556,0.0,0.004047,0.092,0.0,0.002269,0.0516,0.0,0.002499,0.0568,0.0
firefox-android,4969028,211,127,42,42,2273,0.3311,0.0,20,0.050832,1.2103,0.0,0.078,0.0,0.3999,9.52,0.0,0.00611,0.1455,0.0,0.004987,0.1187,0.0,0.002708,0.0645,0.0
firefox-android,4969029,211,127,42,42,2273,0.3636,0.0,19,0.045347,1.0797,0.0,0.0859,0.0,0.2985,7.106,0.0,0.004092,0.0974,0.0,0.002359,0.0562,0.0,0.002007,0.0478,0.0
firefox-android,4969020,208,125,42,41,2273,0.1559,0.0,11,0.037731,0.9203,0.0,0.0418,0.0,0.3126,7.624,0.0,0.002587,0.0631,0.0,0.002037,0.0497,0.0,0.002993,0.073,0.0
mozilla-beta,2715503,3473,2084,695,694,8641,1.8902,4628.0,15,0.4841,0.6976,0.0,0.4276,204.0,2.7912,4.022,0.0,0.032766,0.0472,4.0,0.02132,0.0307,0.0,0.022151,0.0319,0.0
mozilla-beta,4167866,1366,820,273,273,8641,0.9514,2928.0,20,0.215548,0.7896,16.0,0.122,1128.0,1.3024,4.771,0.0,0.014504,0.0531,0.0,0.009871,0.0362,0.0,0.009917,0.0363,0.0
mozilla-beta,4167868,1366,820,273,273,8641,1.1608,1920.0,20,0.221083,0.8098,0.0,0.3038,4.0,1.3788,5.051,0.0,0.013114,0.048,0.0,0.009137,0.0335,0.0,0.009036,0.0331,0.0
mozilla-beta,4167870,1366,820,273,273,8641,0.9878,0.0,20,0.202543,0.7419,0.0,0.0981,0.0,1.267,4.641,0.0,0.013331,0.0488,0.0,0.011823,0.0433,0.0,0.015343,0.0562,0.0
mozilla-beta,4167872,1366,820,273,273,8641,1.4422,0.0,20,0.244838,0.8968,0.0,0.1288,0.0,1.2615,4.621,0.0,0.012769,0.0468,0.0,0.008818,0.0323,0.0,0.008865,0.0325,0.0
mozilla-beta,4168118,1366,820,273,273,8641,0.9435,0.0,20,0.216038,0.7913,0.0,0.1229,0.0,1.2196,4.467,0.0,0.012293,0.045,0.0,0.008784,0.0322,0.0,0.008539,0.0313,0.0
mozilla-beta,4168119,1366,820,273,273,8641,0.9162,0.0,20,0.205566,0.753,0.0,0.181,0.0,1.2179,4.461,0.0,0.014508,0.0531,0.0,0.010412,0.0381,0.0,0.010516,0.0385,0.0
mozilla-beta,4168120,1366,820,273,273,8641,0.9277,636.0,20,0.197195,0.7223,4.0,0.1091,0.0,1.3794,5.053,0.0,0.015323,0.0561,0.0,0.010559,0.0387,0.0,0.010294,0.0377,0.0
mozilla-beta,4168121,1366,820,273,273,8641,1.2797,0.0,20,0.25164,0.9218,8.0,0.15,0.0,1.4645,5.364,0.0,0.014526,0.0532,0.0,0.010325,0.0378,0.0,0.01195,0.0438,0.0
mozilla-beta,4168123,1366,820,273,273,8641,1.1893,0.0,20,0.184354,0.6753,4.0,0.0917,0.0,1.192,4.366,0.0,0.012641,0.0463,0.0,0.008641,0.0317,0.0,0.009022,0.033,0.0
mozilla-beta,4168124,1366,820,273,273,8641,0.622,84.0,14,0.173142,0.6342,0.0,0.1041,0.0,1.377,5.044,0.0,0.016113,0.059,0.0,0.011242,0.0412,0.0,0.011167,0.0409,0.0
mozilla-beta,4168126,1366,820,273,273,8641,0.9754,0.0,16,0.179773,0.6585,0.0,0.1335,312.0,1.178,4.315,4.0,0.01282,0.047,0.0,0.008725,0.032,0.0,0.008891,0.0326,0.0
mozilla-beta,4168127,1366,820,273,273,8641,1.0356,20.0,20,0.194636,0.713,0.0,0.1158,268.0,1.2514,4.584,0.0,0.012705,0.0465,0.0,0.009038,0.0331,0.0,0.008885,0.0325,0.0
mozilla-beta,4168129,1366,820,273,273,8641,0.9479,0.0,20,0.195465,0.716,0.0,0.1119,0.0,1.2663,4.638,0.0,0.013416,0.0491,0.0,0.009097,0.0333,0.0,0.009598,0.0352,0.0
mozilla-beta,2259498,1267,760,253,254,8641,0.8155,5664.0,20,0.175905,0.6925,0.0,0.1999,12.0,1.0943,4.308,0.0,0.011996,0.0472,0.0,0.008389,0.033,0.0,0.008191,0.0322,0.0
mozilla-beta,2259499,1267,760,253,254,8641,0.8189,0.0,20,0.194178,0.7645,0.0,0.0943,4.0,1.2011,4.729,0.0,0.012459,0.0491,0.0,0.008801,0.0347,0.0,0.00854,0.0336,0.0
mozilla-beta,4167806,1266,760,253,253,8641,0.7647,0.0,20,0.178408,0.7052,0.0,0.1066,0.0,1.1196,4.425,0.0,0.012093,0.0478,0.0,0.008163,0.0323,0.0,0.008119,0.0321,0.0
mozilla-beta,4167808,1266,760,253,253,8641,0.7607,0.0,20,0.184314,0.7285,0.0,0.1311,0.0,1.142,4.514,0.0,0.011738,0.0464,0.0,0.008038,0.0318,0.0,0.008428,0.0333,0.0
mozilla-beta,4167970,1266,760,253,253,8641,0.792,0.0,20,0.165561,0.6544,0.0,0.1078,0.0,1.1637,4.599,0.0,0.012207,0.0482,4.0,0.00817,0.0323,0.0,0.008197,0.0324,0.0
mozilla-beta,4167971,1266,760,253,253,8641,0.8114,0.0,20,0.180914,0.7151,0.0,0.153,0.0,1.1308,4.47,0.0,0.011802,0.0466,0.0,0.008136,0.0322,0.0,0.008193,0.0324,0.0
mozilla-beta,4167972,1266,760,253,253,8641,0.8846,0.0,20,0.183164,0.724,0.0,0.1291,0.0,1.1457,4.528,0.0,0.012481,0.0493,0.0,0.008608,0.034,0.0,0.008614,0.034,0.0
mozilla-beta,4167973,1266,760,253,253,8641,0.8026,0.0,20,0.179654,0.7101,0.0,0.1136,0.0,1.2515,4.947,0.0,0.015125,0.0598,0.0,0.01054,0.0417,0.0,0.0103,0.0407,0.0
mozilla-beta,4167975,1266,760,253,253,8641,0.8102,0.0,20,0.179503,0.7095,0.0,0.1192,0.0,1.1591,4.581,0.0,0.014679,0.058,0.0,0.009836,0.0389,0.0,0.010164,0.0402,0.0
mozilla-beta,2085792,1248,749,250,249,8641,0.8141,72.0,20,0.156278,0.6276,0.0,0.0417,0.0,1.2439,4.996,0.0,0.013518,0.0543,0.0,0.008997,0.0361,0.0,0.008928,0.0359,0.0
mozilla-beta,2170955,1248,749,250,249,8641,0.8051,0.0,20,0.235471,0.9457,0.0,0.0987,0.0,1.1223,4.507,0.0,0.01351,0.0543,0.0,0.00837,0.0336,0.0,0.008329,0.0335,0.0
mozilla-beta,2881160,1243,746,249,248,8641,0.87,72.0,20,0.192712,0.7771,0.0,0.0936,0.0,1.1082,4.468,0.0,0.014767,0.0595,0.0,0.010476,0.0422,0.0,0.010689,0.0431,0.0
mozilla-beta,2922669,1243,746,249,248,8641,0.8224,0.0,20,0.170705,0.6883,0.0,0.0831,0.0,1.1249,4.536,0.0,0.011631,0.0469,0.0,0.008309,0.0335,0.0,0.008359,0.0337,0.0
mozilla-beta,4168626,1237,742,247,248,8641,0.785,0.0,20,0.182849,0.7373,0.0,0.1633,0.0,1.1068,4.463,0.0,0.011467,0.0462,0.0,0.007968,0.0321,0.0,0.007979,0.0322,0.0
mozilla-beta,4168628,1237,742,247,248,8641,0.7876,0.0,20,0.164644,0.6639,0.0,0.2058,0.0,1.1865,4.784,0.0,0.011727,0.0473,0.0,0.008187,0.033,0.0,0.008263,0.0333,0.0
mozilla-beta,4168630,1237,742,247,248,8641,0.7265,0.0,18,0.158218,0.638,0.0,0.1903,0.0,1.1035,4.449,0.0,0.011643,0.0469,0.0,0.00795,0.0321,0.0,0.007949,0.0321,0.0
mozilla-beta,4168632,1237,742,247,248,8641,0.7492,0.0,20,0.15585,0.6284,0.0,0.1553,0.0,1.1593,4.675,0.0,0.011597,0.0468,0.0,0.007894,0.0318,0.0,0.00799,0.0322,0.0
mozilla-beta,4169058,1237,742,247,248,8641,0.7504,0.0,20,0.164677,0.664,0.0,0.1631,0.0,1.1235,4.53,0.0,0.011465,0.0462,0.0,0.007892,0.0318,0.0,0.008604,0.0347,0.0
mozilla-beta,4169059,1237,742,247,248,8641,0.8135,0.0,20,0.181703,0.7327,0.0,0.1732,0.0,1.121,4.52,0.0,0.011442,0.0461,0.0,0.007889,0.0318,0.0,0.007936,0.032,0.0
mozilla-beta,4169060,1237,742,247,248,8641,0.7855,0.0,20,0.174443,0.7034,0.0,0.1546,0.0,1.1476,4.627,0.0,0.017184,0.0693,0.0,0.011036,0.0445,0.0,0.011364,0.0458,0.0
mozilla-beta,4169061,1237,742,247,248,8641,1.1004,0.0,20,0.204849,0.826,0.0,0.1851,0.0,1.3367,5.39,0.0,0.012725,0.0513,0.0,0.008803,0.0355,0.0,0.008883,0.0358,0.0
mozilla-beta,4169063,1237,742,247,248,8641,1.0478,0.0,20,0.232249,0.9365,0.0,0.268,0.0,1.2834,5.175,0.0,0.011911,0.048,0.0,0.008129,0.0328,0.0,0.008234,0.0332,0.0
mozilla-beta,4169064,1237,742,247,248,8641,0.8024,0.0,20,0.180792,0.729,0.0,0.1394,0.0,1.0989,4.431,0.0,0.011493,0.0463,0.0,0.007962,0.0321,0.0,0.008025,0.0324,0.0
mozilla-beta,4169065,1237,742,247,248,8641,0.9822,0.0,20,0.241681,0.9745,0.0,0.1976,0.0,1.1471,4.625,0.0,0.014285,0.0576,0.0,0.009417,0.038,0.0,0.009783,0.0394,0.0
mozilla-beta,4169067,1237,742,247,248,8641,0.6917,0.0,18,0.173881,0.7011,0.0,0.1309,0.0,1.1862,4.783,0.0,0.012093,0.0488,0.0,0.008796,0.0355,0.0,0.008719,0.0352,0.0
mozilla-beta,4169069,1237,742,247,248,8641,0.9049,0.0,20,0.186419,0.7517,0.0,0.1367,0.0,1.1477,4.628,0.0,0.012035,0.0485,0.0,0.008067,0.0325,0.0,0.0081,0.0327,0.0
mozilla-beta,2170593,1212,727,242,243,8641,0.8088,0.0,20,0.166246,0.6841,0.0,0.0582,4.0,1.1132,4.581,0.0,0.013219,0.0544,0.0,0.008194,0.0337,0.0,0.008183,0.0337,0.0
mozilla-beta,2018739,1211,727,242,242,8641,0.7607,0.0,20,0.169656,0.7011,0.0,0.0631,0.0,1.1182,4.621,0.0,0.01181,0.0488,0.0,0.007961,0.0329,0.0,0.010494,0.0434,0.0
mozilla-beta,2017653,1207,724,241,242,8641,0.7824,3964.0,20,0.169876,0.702,0.0,0.1097,4.0,1.0749,4.442,0.0,0.011816,0.0488,0.0,0.00802,0.0331,0.0,0.008003,0.0331,0.0
mozilla-beta,2017654,1207,724,241,242,8641,0.7923,0.0,20,0.161473,0.6672,0.0,0.0694,0.0,1.1346,4.689,0.0,0.0143,0.0591,0.0,0.010112,0.0418,0.0,0.009866,0.0408,0.0
mozilla-beta,3892103,1199,719,240,240,8641,0.7815,8.0,20,0.162444,0.6769,0.0,0.1531,0.0,1.1988,4.995,0.0,0.011777,0.0491,0.0,0.007875,0.0328,0.0,0.007894,0.0329,0.0
mozilla-beta,3892105,1199,719,240,240,8641,0.7842,0.0,20,0.163565,0.6815,0.0,0.0884,0.0,1.1003,4.585,0.0,0.011542,0.0481,0.0,0.007983,0.0333,0.0,0.007958,0.0332,0.0
mozilla-beta,3892109,1199,719,240,240,8641,0.7552,0.0,20,0.188757,0.7865,0.0,0.0904,0.0,1.1869,4.945,0.0,0.013243,0.0552,0.0,0.008258,0.0344,0.0,0.008506,0.0354,0.0
mozilla-beta,3892494,1199,719,240,240,8641,0.7904,0.0,20,0.176849,0.7369,0.0,0.1146,0.0,1.1924,4.968,0.0,0.01192,0.0497,0.0,0.008294,0.0346,0.0,0.00836,0.0348,0.0
mozilla-beta,3892495,1199,719,240,240,8641,0.7604,0.0,20,0.209023,0.8709,0.0,0.1896,0.0,1.1041,4.601,0.0,0.011688,0.0487,0.0,0.007593,0.0316,0.0,0.007637,0.0318,0.0
mozilla-beta,3892496,1199,719,240,240,8641,0.737,0.0,20,0.182623,0.7609,0.0,0.141,0.0,1.1147,4.644,0.0,0.011892,0.0496,0.0,0.008517,0.0355,0.0,0.008227,0.0343,0.0
mozilla-beta,3892497,1199,719,240,240,8641,0.811,0.0,20,0.182981,0.7624,0.0,0.0728,0.0,1.1935,4.973,0.0,0.011213,0.0467,0.0,0.007579,0.0316,0.0,0.007874,0.0328,0.0
mozilla-beta,3892499,1199,719,240,240,8641,0.7843,0.0,20,0.171181,0.7133,0.0,0.1124,0.0,1.1142,4.642,0.0,0.011454,0.0477,0.0,0.0079,0.0329,0.0,0.007972,0.0332,0.0
mozilla-beta,3892500,1199,719,240,240,8641,0.7963,0.0,20,0.149199,0.6217,0.0,0.1103,0.0,1.1553,4.814,0.0,0.011315,0.0471,0.0,0.007556,0.0315,0.0,0.007658,0.0319,0.0
mozilla-beta,3892502,1199,719,240,240,8641,0.7853,0.0,20,0.164705,0.6863,0.0,0.1018,0.0,1.1433,4.764,0.0,0.011733,0.0489,0.0,0.00952,0.0397,0.0,0.009869,0.0411,0.0
mozilla-beta,4169272,1184,710,237,237,8641,0.7839,48.0,20,0.157227,0.6634,0.0,0.1302,0.0,1.1108,4.687,0.0,0.011392,0.0481,0.0,0.007863,0.0332,0.0,0.007941,0.0335,0.0
mozilla-beta,4169276,1184,710,237,237,8641,0.7536,0.0,20,0.187882,0.7928,0.0,0.1828,0.0,1.0928,4.611,0.0,0.011155,0.0471,0.0,0.007817,0.033,0.0,0.007818,0.033,0.0
mozilla-beta,4169717,1184,710,237,237,8641,0.7853,0.0,20,0.149316,0.63,0.0,0.1579,0.0,1.0758,4.539,0.0,0.011534,0.0487,0.0,0.008005,0.0338,0.0,0.007864,0.0332,0.0
mozilla-beta,4169718,1184,710,237,237,8641,0.7679,0.0,20,0.166257,0.7015,0.0,0.1204,0.0,1.1717,4.944,0.0,0.01323,0.0558,0.0,0.009163,0.0387,0.0,0.009223,0.0389,0.0
mozilla-beta,4169719,1184,710,237,237,8641,0.8543,0.0,20,0.174397,0.7359,0.0,0.132,0.0,1.085,4.578,0.0,0.011355,0.0479,0.0,0.007815,0.033,0.0,0.008173,0.0345,0.0
mozilla-beta,4169720,1184,710,237,237,8641,0.7674,0.0,20,0.161328,0.6807,0.0,0.2017,0.0,1.2069,5.092,0.0,0.012315,0.052,0.0,0.008349,0.0352,0.0,0.008416,0.0355,0.0
mozilla-beta,4169722,1184,710,237,237,8641,0.8374,0.0,20,0.15972,0.6739,0.0,0.1517,0.0,1.4523,6.128,0.0,0.013315,0.0562,0.0,0.00916,0.0386,0.0,0.009425,0.0398,0.0
mozilla-beta,4169723,1184,710,237,237,8641,0.9492,0.0,20,0.193407,0.8161,0.0,0.249,0.0,1.2884,5.436,0.0,0.012141,0.0512,0.0,0.008545,0.0361,0.0,0.008486,0.0358,0.0
mozilla-beta,4169724,1184,710,237,237,8641,0.885,0.0,20,0.191277,0.8071,0.0,0.1711,0.0,1.1141,4.701,0.0,0.011481,0.0484,0.0,0.007891,0.0333,0.0,0.00804,0.0339,0.0
mozilla-beta,4169726,1184,710,237,237,8641,0.8092,0.0,20,0.172896,0.7295,0.0,0.187,0.0,1.1512,4.857,0.0,0.012353,0.0521,0.0,0.008465,0.0357,0.0,0.008525,0.036,0.0
mozilla-beta,4169728,1184,710,237,237,8641,0.8397,0.0,20,0.176289,0.7438,0.0,0.1682,0.0,1.1627,4.906,0.0,0.012205,0.0515,0.0,0.008157,0.0344,0.0,0.008406,0.0355,0.0
mozilla-beta,4169630,1157,694,231,232,8641,0.7736,0.0,20,0.165007,0.7112,0.0,0.0804,8.0,1.0864,4.683,0.0,0.013107,0.0565,4.0,0.007969,0.0343,0.0,0.00835,0.036,0.0
mozilla-beta,4169632,1157,694,231,232,8641,0.8642,0.0,20,0.192257,0.8287,0.0,0.1159,12.0,1.1833,5.1,0.0,0.011249,0.0485,0.0,0.00764,0.0329,0.0,0.0078,0.0336,0.0
mozilla-beta,4169769,1157,694,231,232,8641,0.8015,0.0,20,0.179122,0.7721,0.0,0.0927,4.0,1.1143,4.803,0.0,0.011218,0.0484,0.0,0.0076,0.0328,0.0,0.007948,0.0343,0.0
mozilla-beta,4169770,1157,694,231,232,8641,0.7759,0.0,20,0.15634,0.6739,0.0,0.0968,4.0,1.0985,4.735,0.0,0.011981,0.0516,0.0,0.008022,0.0346,0.0,0.008083,0.0348,0.0
mozilla-beta,4169771,1157,694,231,232,8641,0.7753,16.0,20,0.181242,0.7812,0.0,0.103,0.0,1.1152,4.807,0.0,0.011448,0.0493,0.0,0.007947,0.0343,0.0,0.007709,0.0332,0.0
mozilla-beta,4169772,1157,694,231,232,8641,0.7869,0.0,20,0.187506,0.8082,0.0,0.1112,0.0,1.1071,4.772,0.0,0.011493,0.0495,0.0,0.007955,0.0343,0.0,0.008027,0.0346,0.0
mozilla-beta,4169774,1157,694,231,232,8641,0.7719,0.0,20,0.165046,0.7114,0.0,0.1201,0.0,1.1971,5.16,0.0,0.012714,0.0548,0.0,0.008388,0.0362,0.0,0.008578,0.037,0.0
mozilla-beta,4167843,1148,689,230,229,8641,0.8615,1256.0,20,0.175654,0.767,0.0,0.1703,0.0,1.0873,4.748,0.0,0.011269,0.0492,0.0,0.007738,0.0338,0.0,0.007531,0.0329,0.0
mozilla-beta,4167847,1148,689,230,229,8641,0.7908,0.0,20,0.1673,0.7306,0.0,0.1056,0.0,1.1171,4.878,0.0,0.011318,0.0494,0.0,0.008114,0.0354,0.0,0.007864,0.0343,0.0
mozilla-beta,4167849,1148,689,230,229,8641,0.8121,0.0,20,0.170888,0.7462,0.0,0.0885,0.0,1.1437,4.994,0.0,0.011502,0.0502,0.0,0.007839,0.0342,0.0,0.007807,0.0341,0.0
mozilla-beta,4167990,1148,689,230,229,8641,0.7578,0.0,20,0.166229,0.7259,0.0,0.1372,0.0,1.0852,4.739,0.0,0.011211,0.049,0.0,0.007576,0.0331,0.0,0.007598,0.0332,0.0
mozilla-beta,4167991,1148,689,230,229,8641,0.8186,0.0,20,0.172311,0.7524,0.0,0.1723,0.0,1.0782,4.708,0.0,0.011674,0.051,0.0,0.008138,0.0355,0.0,0.008225,0.0359,0.0
mozilla-beta,4167993,1148,689,230,229,8641,0.8093,0.0,20,0.207112,0.9044,0.0,0.1905,0.0,1.1123,4.857,0.0,0.011781,0.0514,0.0,0.007801,0.0341,0.0,0.007921,0.0346,0.0
mozilla-beta,4167995,1148,689,230,229,8641,0.7504,0.0,20,0.177171,0.7737,0.0,0.203,0.0,1.115,4.869,0.0,0.011005,0.0481,0.0,0.007763,0.0339,0.0,0.007655,0.0334,0.0
mozilla-beta,4167996,1148,689,230,229,8641,0.7439,0.0,20,0.160187,0.6995,0.0,0.1034,0.0,1.1344,4.954,0.0,0.011502,0.0502,0.0,0.008053,0.0352,0.0,0.007965,0.0348,0.0
mozilla-beta,4167998,1148,689,230,229,8641,0.7776,0.0,20,0.167243,0.7303,0.0,0.0649,0.0,1.0875,4.749,0.0,0.011583,0.0506,0.0,0.007928,0.0346,0.0,0.007989,0.0349,0.0
mozilla-beta,4167999,1148,689,230,229,8641,0.8001,0.0,20,0.163995,0.7161,0.0,0.1238,0.0,1.1444,4.997,0.0,0.011418,0.0499,0.0,0.007865,0.0343,0.0,0.008209,0.0358,0.0
mozilla-beta,4168001,1148,689,230,229,8641,0.8095,0.0,20,0.155196,0.6777,0.0,0.11,0.0,1.1286,4.928,0.0,0.011307,0.0494,0.0,0.007797,0.034,0.0,0.008217,0.0359,0.0
mozilla-beta,3748528,1135,681,227,227,8641,0.7966,20.0,20,0.14942,0.6582,0.0,0.0585,0.0,1.0867,4.787,0.0,0.011488,0.0506,0.0,0.007727,0.034,0.0,0.007752,0.0341,0.0
mozilla-beta,1485517,1121,673,224,224,8641,0.7904,1752.0,20,0.170114,0.7594,0.0,0.0537,12.0,1.1292,5.041,0.0,0.015528,0.0693,0.0,0.010829,0.0483,0.0,0.010231,0.0457,0.0
mozilla-beta,4167772,1120,672,224,224,8641,0.8242,0.0,20,0.168953,0.7543,0.0,0.118,36.0,1.0917,4.874,0.0,0.011253,0.0502,0.0,0.007612,0.034,0.0,0.007768,0.0347,0.0
mozilla-beta,4168022,1120,672,224,224,8641,0.9096,16.0,20,0.163194,0.7285,0.0,0.097,0.0,1.1794,5.265,0.0,0.011922,0.0532,0.0,0.009311,0.0416,0.0,0.008141,0.0363,0.0
mozilla-beta,4168023,1120,672,224,224,8641,0.8228,0.0,20,0.148935,0.6649,0.0,0.1284,8.0,1.3394,5.98,0.0,0.013159,0.0587,0.0,0.008684,0.0388,0.0,0.008603,0.0384,0.0
mozilla-beta,4168024,1120,672,224,224,8641,1.0621,8.0,20,0.201477,0.8995,0.0,0.1426,0.0,1.3784,6.154,0.0,0.013638,0.0609,0.0,0.009483,0.0423,0.0,0.009164,0.0409,0.0
mozilla-beta,4168025,1120,672,224,224,8641,1.16,0.0,20,0.270625,1.2081,0.0,0.1807,0.0,1.2334,5.506,0.0,0.011512,0.0514,0.0,0.008121,0.0363,0.0,0.008088,0.0361,0.0
mozilla-beta,4168028,1120,672,224,224,8641,0.8069,0.0,20,0.179896,0.8031,0.0,0.0933,0.0,1.1173,4.988,0.0,0.011328,0.0506,0.0,0.007835,0.035,0.0,0.008055,0.036,0.0
mozilla-beta,4168029,1120,672,224,224,8641,0.8355,0.0,20,0.231251,1.0324,0.0,0.1343,0.0,1.1219,5.008,0.0,0.011138,0.0497,0.0,0.0076,0.0339,0.0,0.00776,0.0346,0.0
mozilla-beta,4168031,1120,672,224,224,8641,0.8043,0.0,20,0.148884,0.6647,0.0,0.1136,0.0,1.1183,4.992,0.0,0.011629,0.0519,0.0,0.007918,0.0354,0.0,0.007702,0.0344,0.0
mozilla-beta,4168033,1120,672,224,224,8641,0.7814,0.0,20,0.160968,0.7186,0.0,0.0917,0.0,1.3192,5.889,0.0,0.02995,0.1337,0.0,0.0133,0.0594,0.0,0.020257,0.0904,0.0
mozilla-beta,4169223,1099,659,220,220,8641,1.2746,0.0,20,0.171127,0.7778,0.0,0.3738,0.0,1.0244,4.656,0.0,0.010873,0.0494,0.0,0.007525,0.0342,0.0,0.007608,0.0346,0.0
mozilla-beta,4169225,1099,659,220,220,8641,0.7948,0.0,20,0.144765,0.658,0.0,0.3136,0.0,1.0086,4.585,0.0,0.011197,0.0509,0.0,0.007704,0.035,0.0,0.007796,0.0354,0.0
mozilla-beta,4169229,1099,659,220,220,8641,0.7894,0.0,20,0.154753,0.7034,0.0,0.0887,0.0,1.1677,5.308,0.0,0.011516,0.0523,0.0,0.007788,0.0354,0.0,0.008569,0.039,0.0
mozilla-beta,4169605,1099,659,220,220,8641,0.8398,0.0,20,0.156976,0.7135,0.0,0.2694,0.0,1.0176,4.625,0.0,0.011061,0.0503,0.0,0.007957,0.0362,0.0,0.007671,0.0349,0.0
mozilla-beta,4169606,1099,659,220,220,8641,0.8074,0.0,20,0.168631,0.7665,0.0,0.4269,0.0,1.0128,4.604,0.0,0.011258,0.0512,0.0,0.007592,0.0345,0.0,0.008098,0.0368,0.0
mozilla-beta,4169607,1099,659,220,220,8641,0.7536,0.0,20,0.170662,0.7757,0.0,0.276,0.0,1.0221,4.646,0.0,0.010938,0.0497,0.0,0.007782,0.0354,0.0,0.007551,0.0343,0.0
mozilla-beta,4169608,1099,659,220,220,8641,0.7702,0.0,20,0.162603,0.7391,0.0,0.3679,0.0,1.0146,4.612,0.0,0.010797,0.0491,0.0,0.007673,0.0349,0.0,0.007617,0.0346,0.0
mozilla-beta,4169610,1099,659,220,220,8641,0.7567,0.0,20,0.152826,0.6947,0.0,0.3327,0.0,1.0277,4.671,0.0,0.010956,0.0498,0.0,0.008012,0.0364,0.0,0.007689,0.0349,0.0
mozilla-beta,1702217,1078,647,216,215,8641,0.7617,732.0,20,0.165231,0.7685,0.0,0.0406,0.0,1.0492,4.88,0.0,0.011761,0.0547,0.0,0.007766,0.0361,0.0,0.007795,0.0363,0.0
mozilla-beta,1533097,1077,646,215,216,8641,0.7633,0.0,20,0.199586,0.924,0.0,0.1719,0.0,1.077,4.986,0.0,0.011348,0.0525,4.0,0.007633,0.0353,0.0,0.007877,0.0365,0.0
mozilla-beta,2954644,1063,638,213,212,8641,0.7546,872.0,20,0.159602,0.7528,0.0,0.0892,0.0,1.0109,4.768,0.0,0.01109,0.0523,0.0,0.007205,0.034,0.0,0.007579,0.0358,0.0
mozilla-beta,2954645,1063,638,213,212,8641,0.7469,0.0,20,0.154611,0.7293,0.0,0.0365,16.0,1.0544,4.974,0.0,0.010894,0.0514,8.0,0.007497,0.0354,0.0,0.007667,0.0362,0.0
mozilla-beta,4168063,1059,635,212,212,8641,0.8875,16.0,20,0.172212,0.8123,0.0,0.0832,0.0,1.0663,5.03,0.0,0.01144,0.054,0.0,0.007671,0.0362,0.0,0.00817,0.0385,0.0
mozilla-beta,4168065,1059,635,212,212,8641,0.7831,0.0,20,0.163842,0.7728,0.0,0.1807,0.0,1.0568,4.985,0.0,0.011827,0.0558,0.0,0.00748,0.0353,0.0,0.007482,0.0353,0.0
mozilla-beta,4168067,1059,635,212,212,8641,0.8875,0.0,20,0.153801,0.7255,0.0,0.1338,0.0,1.0114,4.771,0.0,0.011122,0.0525,12.0,0.007784,0.0367,0.0,0.007632,0.036,0.0
mozilla-beta,4168069,1059,635,212,212,8641,0.7846,0.0,20,0.170096,0.8023,0.0,0.1421,8.0,1.0568,4.985,0.0,0.013682,0.0645,0.0,0.009437,0.0445,0.0,0.009432,0.0445,0.0
mozilla-beta,4169004,1059,635,212,212,8641,0.8015,0.0,20,0.267308,1.2609,0.0,0.2485,0.0,1.1501,5.425,0.0,0.010822,0.051,0.0,0.007481,0.0353,0.0,0.007736,0.0365,0.0
mozilla-beta,4169005,1059,635,212,212,8641,0.8705,0.0,20,0.163433,0.7709,0.0,0.1119,0.0,1.1031,5.203,0.0,0.01108,0.0523,0.0,0.008482,0.04,0.0,0.007848,0.037,0.0
mozilla-beta,4169006,1059,635,212,212,8641,0.7482,0.0,17,0.191927,0.9053,0.0,0.0993,0.0,1.0626,5.012,0.0,0.011089,0.0523,0.0,0.0079,0.0373,0.0,0.00763,0.036,0.0
mozilla-beta,4169007,1059,635,212,212,8641,0.8146,16.0,20,0.156086,0.7363,0.0,0.1635,0.0,1.3583,6.407,0.0,0.016935,0.0799,0.0,0.011731,0.0553,0.0,0.011743,0.0554,0.0
mozilla-beta,4169009,1059,635,212,212,8641,0.9676,16.0,20,0.165813,0.7821,0.0,0.2162,0.0,1.173,5.533,0.0,0.012282,0.0579,0.0,0.008636,0.0407,0.0,0.00852,0.0402,0.0
mozilla-beta,4169010,1059,635,212,212,8641,0.9471,0.0,20,0.190665,0.8994,0.0,0.1152,0.0,1.136,5.359,0.0,0.011276,0.0532,0.0,0.007539,0.0356,0.0,0.007585,0.0358,0.0
mozilla-beta,4169011,1059,635,212,212,8641,0.4885,0.0,13,0.159074,0.7503,0.0,0.2595,0.0,1.0192,4.807,0.0,0.010742,0.0507,0.0,0.007159,0.0338,0.0,0.007234,0.0341,0.0
mozilla-beta,4169012,1059,635,212,212,8641,0.7878,0.0,20,0.160295,0.7561,0.0,0.1291,0.0,1.056,4.981,0.0,0.011601,0.0547,0.0,0.007699,0.0363,0.0,0.009064,0.0428,0.0
mozilla-beta,4169015,1059,635,212,212,8641,0.9106,0.0,20,0.173751,0.8196,0.0,0.2215,0.0,1.0258,4.839,0.0,0.011026,0.052,0.0,0.007606,0.0359,0.0,0.007674,0.0362,0.0
mozilla-beta,4167816,1051,631,210,210,8641,0.7847,32.0,20,0.164108,0.7815,0.0,0.1764,0.0,1.1238,5.351,0.0,0.01081,0.0515,0.0,0.007519,0.0358,0.0,0.007747,0.0369,0.0
mozilla-beta,4167820,1051,631,210,210,8641,0.8183,0.0,20,0.175486,0.8356,0.0,0.1114,0.0,1.1322,5.391,0.0,0.011822,0.0563,0.0,0.008193,0.039,0.0,0.008199,0.039,0.0
mozilla-beta,4168106,1051,631,210,210,8641,0.8823,0.0,20,0.177215,0.8439,0.0,0.1257,0.0,1.1378,5.418,0.0,0.011218,0.0534,0.0,0.007731,0.0368,0.0,0.007702,0.0367,0.0
mozilla-beta,4168109,1051,631,210,210,8641,1.1367,0.0,20,0.219215,1.0439,0.0,0.1631,0.0,1.1948,5.69,0.0,0.012677,0.0604,0.0,0.008341,0.0397,0.0,0.008921,0.0425,0.0
mozilla-beta,4168112,1051,631,210,210,8641,0.8039,0.0,20,0.201448,0.9593,0.0,0.1311,0.0,1.1355,5.407,0.0,0.011727,0.0558,0.0,0.008485,0.0404,0.0,0.00828,0.0394,0.0
mozilla-beta,4168114,1051,631,210,210,8641,0.8042,0.0,20,0.175796,0.8371,0.0,0.1502,0.0,1.1247,5.356,0.0,0.011752,0.056,0.0,0.008234,0.0392,0.0,0.008399,0.04,0.0
mozilla-beta,4168115,1051,631,210,210,8641,0.8557,0.0,20,0.160472,0.7642,0.0,0.1344,0.0,1.1345,5.402,0.0,0.011833,0.0563,0.0,0.008098,0.0386,0.0,0.008134,0.0387,0.0
mozilla-beta,2022245,1048,629,210,209,8641,0.8329,0.0,20,0.176717,0.8455,0.0,0.0589,0.0,1.0868,5.2,0.0,0.011678,0.0559,0.0,0.008208,0.0393,0.0,0.008299,0.0397,0.0
mozilla-beta,3892689,1044,626,209,209,8641,0.902,0.0,20,0.195179,0.9339,0.0,0.1485,0.0,1.1215,5.366,0.0,0.011665,0.0558,0.0,0.008013,0.0383,0.0,0.008275,0.0396,0.0
mozilla-beta,3892716,1044,626,209,209,8641,0.8691,0.0,20,0.164201,0.7857,0.0,0.1678,0.0,1.1119,5.32,0.0,0.011762,0.0563,0.0,0.008299,0.0397,0.0,0.008226,0.0394,0.0
mozilla-beta,3892717,1044,626,209,209,8641,1.0288,0.0,20,0.202523,0.969,0.0,0.1228,0.0,1.2295,5.883,0.0,0.011233,0.0537,0.0,0.007822,0.0374,0.0,0.008087,0.0387,0.0
mozilla-beta,3892719,1044,626,209,209,8641,0.7873,0.0,20,0.166873,0.7984,0.0,0.1877,0.0,1.0382,4.968,0.0,0.010798,0.0517,0.0,0.007365,0.0352,0.0,0.007458,0.0357,0.0
mozilla-beta,3892721,1044,626,209,209,8641,0.8479,0.0,20,0.177498,0.8493,0.0,0.2009,0.0,1.05,5.024,0.0,0.01094,0.0523,0.0,0.008519,0.0408,0.0,0.007515,0.036,0.0
mozilla-beta,4170047,1030,618,206,206,8641,0.7147,1148.0,19,0.14276,0.693,0.0,0.1541,0.0,1.0354,5.026,0.0,0.010705,0.052,0.0,0.007321,0.0355,0.0,0.007401,0.0359,0.0
mozilla-beta,4170073,1030,618,206,206,8641,0.7851,52.0,20,0.191493,0.9296,8.0,0.1276,0.0,1.0585,5.138,0.0,0.011274,0.0547,0.0,0.007413,0.036,0.0,0.007455,0.0362,0.0
mozilla-beta,4170074,1030,618,206,206,8641,0.8484,8.0,20,0.147914,0.718,8.0,0.2234,0.0,1.3091,6.355,0.0,0.012059,0.0585,0.0,0.008324,0.0404,0.0,0.00833,0.0404,0.0
mozilla-beta,4170075,1030,618,206,206,8641,0.6807,0.0,16,0.157846,0.7662,8.0,0.1218,0.0,1.0553,5.123,0.0,0.010753,0.0522,0.0,0.007374,0.0358,0.0,0.007476,0.0363,0.0
mozilla-beta,4788899,1023,614,205,204,8641,0.7751,0.0,20,0.154718,0.7584,8.0,0.124,0.0,1.0283,5.041,0.0,0.010642,0.0522,0.0,0.007195,0.0353,0.0,0.0073,0.0358,0.0
mozilla-beta,4169249,1001,601,200,200,8641,0.7778,1080.0,20,0.179545,0.8977,12.0,0.16,8.0,1.0,5.0,0.0,0.010442,0.0522,0.0,0.007116,0.0356,0.0,0.007148,0.0357,0.0
mozilla-beta,4169684,1001,601,200,200,8641,0.7982,0.0,20,0.153935,0.7697,12.0,0.1778,16.0,0.9924,4.962,0.0,0.010474,0.0524,0.0,0.007151,0.0358,0.0,0.007245,0.0362,0.0
mozilla-beta,4169688,1001,601,200,200,8641,0.7285,0.0,18,0.139488,0.6974,4.0,0.21,4.0,1.0245,5.122,0.0,0.010548,0.0527,0.0,0.00718,0.0359,0.0,0.007277,0.0364,0.0
mozilla-beta,3892111,994,596,199,199,8641,0.8065,676.0,20,0.163343,0.8208,12.0,0.161,12.0,1.3104,6.585,4.0,0.012628,0.0635,0.0,0.008539,0.0429,0.0,0.0084,0.0422,0.0
mozilla-beta,3892113,994,596,199,199,8641,1.0263,0.0,20,0.222251,1.1168,12.0,0.2656,8.0,1.2792,6.428,0.0,0.012358,0.0621,0.0,0.008358,0.042,0.0,0.008416,0.0423,0.0
mozilla-beta,3892115,994,596,199,199,8641,0.9444,0.0,20,0.148799,0.7477,4.0,0.0875,0.0,1.0222,5.137,0.0,0.010698,0.0538,0.0,0.007801,0.0392,0.0,0.007469,0.0375,0.0
mozilla-beta,3892376,994,596,199,199,8641,0.871,80.0,20,0.162792,0.818,4.0,0.1154,0.0,1.019,5.121,0.0,0.010695,0.0537,0.0,0.007376,0.0371,0.0,0.007461,0.0375,0.0
mozilla-beta,3892377,994,596,199,199,8641,0.8242,380.0,20,0.13553,0.6811,12.0,0.1219,0.0,1.0325,5.189,0.0,0.010903,0.0548,0.0,0.007421,0.0373,0.0,0.007517,0.0378,0.0
mozilla-beta,3892379,994,596,199,199,8641,0.8471,0.0,20,0.134187,0.6743,4.0,0.125,0.0,1.0836,5.445,0.0,0.01173,0.0589,0.0,0.008024,0.0403,0.0,0.008097,0.0407,0.0
mozilla-beta,3892381,994,596,199,199,8641,0.8018,0.0,20,0.160367,0.8059,4.0,0.139,0.0,1.2055,6.058,0.0,0.013797,0.0693,0.0,0.009593,0.0482,0.0,0.009453,0.0475,0.0
mozilla-beta,3892382,994,596,199,199,8641,0.9807,380.0,20,0.169429,0.8514,12.0,0.1201,0.0,1.0778,5.416,0.0,0.010793,0.0542,0.0,0.00734,0.0369,0.0,0.007417,0.0373,0.0
mozilla-beta,3892383,994,596,199,199,8641,0.8115,0.0,20,0.153841,0.7731,4.0,0.0821,0.0,1.0056,5.053,0.0,0.010666,0.0536,0.0,0.008055,0.0405,0.0,0.007729,0.0388,0.0
mozilla-beta,3892384,994,596,199,199,8641,0.783,0.0,20,0.158842,0.7982,4.0,0.1396,0.0,1.0117,5.084,0.0,0.010745,0.054,0.0,0.007392,0.0371,0.0,0.007629,0.0383,0.0
mozilla-beta,3892385,994,596,199,199,8641,0.7763,380.0,17,0.166592,0.8371,12.0,0.0812,0.0,1.063,5.342,0.0,0.010724,0.0539,0.0,0.007558,0.038,0.0,0.007424,0.0373,0.0
mozilla-beta,2170640,981,589,196,196,8641,0.809,0.0,20,0.169479,0.8647,4.0,0.0736,0.0,0.9743,4.971,0.0,0.010449,0.0533,0.0,0.007176,0.0366,0.0,0.007263,0.0371,0.0
mozilla-beta,1702161,977,586,195,196,8641,0.7828,0.0,20,0.168352,0.8589,4.0,0.0552,0.0,1.0004,5.104,0.0,0.010501,0.0536,0.0,0.007698,0.0393,0.0,0.007436,0.0379,0.0
mozilla-beta,4381612,974,584,195,195,8641,0.7688,32.0,20,0.159787,0.8194,12.0,0.1046,0.0,1.0974,5.627,0.0,0.011071,0.0568,0.0,0.007577,0.0389,0.0,0.007612,0.039,0.0
mozilla-beta,4381613,974,584,195,195,8641,0.8006,0.0,20,0.170498,0.8743,4.0,0.0903,0.0,0.979,5.021,0.0,0.013025,0.0668,0.0,0.007413,0.038,0.0,0.007387,0.0379,0.0
mozilla-beta,4381689,974,584,195,195,8641,0.7734,0.0,20,0.142814,0.7324,4.0,0.1002,0.0,0.9694,4.971,0.0,0.010899,0.0559,0.0,0.007511,0.0385,0.0,0.007606,0.039,0.0
mozilla-beta,4381707,974,584,195,195,8641,0.8529,40.0,20,0.181739,0.932,12.0,0.0962,0.0,0.9747,4.999,0.0,0.010362,0.0531,0.0,0.007524,0.0386,0.0,0.007222,0.037,0.0
mozilla-beta,2130538,973,584,195,194,8641,0.7903,0.0,20,0.143464,0.7395,4.0,0.0589,0.0,0.9658,4.978,0.0,0.012762,0.0658,0.0,0.008978,0.0463,0.0,0.00932,0.048,0.0
mozilla-beta,2085955,972,583,194,195,8641,0.8181,0.0,20,0.127982,0.6563,8.0,0.0649,0.0,0.9886,5.07,0.0,0.010596,0.0543,0.0,0.007273,0.0373,0.0,0.007679,0.0394,0.0
mozilla-beta,2170928,972,583,194,195,8641,0.7656,36.0,20,0.140455,0.7203,12.0,0.0999,0.0,0.9871,5.062,0.0,0.010632,0.0545,0.0,0.007159,0.0367,0.0,0.007234,0.0371,0.0
mozilla-beta,3890864,968,581,194,193,8641,0.7795,0.0,20,0.143416,0.7431,4.0,0.0647,0.0,1.2428,6.44,0.0,0.011309,0.0586,0.0,0.010922,0.0566,0.0,0.00954,0.0494,0.0
mozilla-beta,3890866,968,581,194,193,8641,0.8766,0.0,20,0.139647,0.7236,4.0,0.0716,0.0,1.0099,5.233,0.0,0.01034,0.0536,0.0,0.007161,0.0371,0.0,0.007207,0.0373,0.0
mozilla-beta,3890868,968,581,194,193,8641,0.7524,104.0,20,0.177659,0.9205,12.0,0.1612,0.0,0.9892,5.125,0.0,0.010201,0.0529,0.0,0.007384,0.0383,0.0,0.00718,0.0372,0.0
mozilla-beta,3890870,968,581,194,193,8641,0.6263,0.0,15,0.125779,0.6517,4.0,0.0643,0.0,0.9859,5.108,0.0,0.01089,0.0564,0.0,0.007502,0.0389,0.0,0.007555,0.0391,0.0
mozilla-beta,1703027,967,580,193,194,8641,0.7971,0.0,20,0.13746,0.7086,8.0,0.1272,0.0,0.9885,5.095,0.0,0.010918,0.0563,0.0,0.007478,0.0385,0.0,0.007529,0.0388,0.0
mozilla-beta,4167958,966,580,193,193,8641,0.801,36.0,20,0.153115,0.7933,12.0,0.0997,0.0,1.0123,5.245,0.0,0.010216,0.0529,0.0,0.007045,0.0365,0.0,0.00739,0.0383,0.0
mozilla-beta,4167960,966,580,193,193,8641,0.6267,0.0,16,0.155942,0.808,4.0,0.3435,0.0,0.9785,5.07,0.0,0.011255,0.0583,0.0,0.011152,0.0578,0.0,0.008294,0.043,0.0
mozilla-beta,4167962,966,580,193,193,8641,0.8847,0.0,20,0.134393,0.6963,4.0,0.1039,0.0,1.053,5.456,0.0,0.010374,0.0538,0.0,0.007152,0.0371,0.0,0.007452,0.0386,0.0
mozilla-beta,4167964,966,580,193,193,8641,0.7474,56.0,20,0.161179,0.8351,12.0,0.1144,0.0,1.0245,5.308,0.0,0.010603,0.0549,0.0,0.007081,0.0367,0.0,0.007266,0.0377,0.0
mozilla-beta,4168211,966,580,193,193,8641,0.8852,0.0,20,0.175505,0.9094,4.0,0.1417,0.0,1.2826,6.645,0.0,0.0118,0.0611,0.0,0.008052,0.0417,0.0,0.008299,0.043,0.0
mozilla-beta,4168215,966,580,193,193,8641,0.9504,0.0,20,0.185051,0.9588,4.0,0.1052,0.0,1.1098,5.75,0.0,0.011296,0.0585,0.0,0.007756,0.0402,0.0,0.010611,0.055,0.0
mozilla-beta,4168218,966,580,193,193,8641,0.9437,120.0,20,0.164467,0.8522,12.0,0.1099,0.0,1.1487,5.952,0.0,0.011331,0.0587,0.0,0.00774,0.0401,0.0,0.007783,0.0403,0.0
mozilla-beta,3998101,962,577,192,193,8641,0.7799,1292.0,17,0.148483,0.7693,4.0,0.106,0.0,0.9768,5.061,4.0,0.010681,0.0553,0.0,0.007424,0.0385,0.0,0.007771,0.0403,0.0
mozilla-beta,3998107,962,577,192,193,8641,0.8076,0.0,20,0.135995,0.7046,4.0,0.0949,4.0,0.9973,5.167,0.0,0.011137,0.0577,0.0,0.007475,0.0387,0.0,0.007665,0.0397,0.0
mozilla-beta,3998165,960,576,192,192,8641,0.8811,20.0,20,0.152489,0.7942,12.0,0.0773,0.0,1.0477,5.457,0.0,0.010807,0.0563,0.0,0.007412,0.0386,0.0,0.00755,0.0393,0.0
mozilla-beta,1485495,956,574,191,191,8641,0.8246,0.0,20,0.163121,0.854,4.0,0.0585,0.0,0.9872,5.168,0.0,0.010731,0.0562,0.0,0.007375,0.0386,0.0,0.008119,0.0425,0.0
mozilla-beta,4169255,956,574,191,191,8641,0.8208,0.0,20,0.141378,0.7402,4.0,0.1555,4.0,1.0113,5.295,4.0,0.010496,0.055,0.0,0.00718,0.0376,0.0,0.007225,0.0378,0.0
mozilla-beta,4169257,956,574,191,191,8641,0.7711,56.0,20,0.143614,0.7519,12.0,0.1683,0.0,1.0387,5.438,0.0,0.010853,0.0568,0.0,0.007505,0.0393,0.0,0.007549,0.0395,0.0
mozilla-beta,4169259,956,574,191,191,8641,0.7395,0.0,20,0.140048,0.7332,4.0,0.0869,0.0,1.0428,5.46,0.0,0.010629,0.0556,0.0,0.007417,0.0388,0.0,0.007444,0.039,0.0
mozilla-beta,4169261,956,574,191,191,8641,0.8143,0.0,20,0.152374,0.7978,4.0,0.0698,0.0,1.0952,5.734,0.0,0.010933,0.0572,0.0,0.007414,0.0388,0.0,0.007411,0.0388,0.0
mozilla-beta,4169649,956,574,191,191,8641,0.8135,56.0,20,0.144782,0.758,12.0,0.115,0.0,1.0296,5.391,0.0,0.010801,0.0565,0.0,0.00734,0.0384,0.0,0.007373,0.0386,0.0
mozilla-beta,4169650,956,574,191,191,8641,0.6418,0.0,17,0.16947,0.8873,4.0,0.1324,0.0,1.0811,5.66,0.0,0.011028,0.0577,0.0,0.007739,0.0405,0.0,0.007869,0.0412,0.0
mozilla-beta,4169651,956,574,191,191,8641,0.6001,0.0,16,0.158489,0.8298,4.0,0.1234,0.0,1.0237,5.359,0.0,0.010906,0.0571,0.0,0.007475,0.0391,0.0,0.007381,0.0386,0.0
mozilla-beta,4169652,956,574,191,191,8641,0.7876,88.0,20,0.135505,0.7094,12.0,0.1231,0.0,1.0171,5.325,0.0,0.010587,0.0554,0.0,0.007615,0.0399,0.0,0.007529,0.0394,0.0
mozilla-beta,4169654,956,574,191,191,8641,0.7992,0.0,20,0.141257,0.7396,4.0,0.0966,0.0,0.9847,5.155,0.0,0.010608,0.0555,0.0,0.007323,0.0383,0.0,0.007407,0.0388,0.0
mozilla-beta,4169655,956,574,191,191,8641,0.8472,0.0,20,0.135268,0.7082,4.0,0.1289,0.0,0.9906,5.186,0.0,0.010195,0.0534,0.0,0.007074,0.037,0.0,0.007065,0.037,0.0
mozilla-beta,4169657,956,574,191,191,8641,0.7686,56.0,20,0.139763,0.7317,12.0,0.0532,0.0,0.9631,5.043,0.0,0.010444,0.0547,0.0,0.007165,0.0375,0.0,0.007345,0.0385,0.0
mozilla-beta,4169660,956,574,191,191,8641,0.8649,0.0,20,0.219198,1.1476,4.0,0.1154,0.0,0.9694,5.076,0.0,0.010286,0.0539,0.0,0.007006,0.0367,0.0,0.007055,0.0369,0.0
mozilla-beta,4381648,956,574,191,191,8641,0.8027,0.0,20,0.131317,0.6875,4.0,0.1073,0.0,0.9315,4.877,0.0,0.010174,0.0533,0.0,0.007072,0.037,0.0,0.007234,0.0379,0.0
mozilla-beta,3998114,954,572,191,191,8641,0.7301,180.0,20,0.126927,0.6645,4.0,0.0879,0.0,1.0081,5.278,0.0,0.010335,0.0541,0.0,0.007066,0.037,0.0,0.007122,0.0373,0.0
mozilla-beta,3998135,954,572,191,191,8641,0.7304,0.0,20,0.159011,0.8325,0.0,0.1036,0.0,1.0068,5.271,0.0,0.010296,0.0539,0.0,0.007054,0.0369,0.0,0.007118,0.0373,0.0
mozilla-beta,4167882,953,572,191,190,8641,0.7436,0.0,20,0.146212,0.7695,0.0,0.0889,0.0,0.9767,5.141,0.0,0.010065,0.053,0.0,0.007195,0.0379,0.0,0.007094,0.0373,0.0
mozilla-beta,4167884,953,572,191,190,8641,0.7403,0.0,20,0.16788,0.8836,0.0,0.0796,0.0,1.0116,5.324,0.0,0.010169,0.0535,0.0,0.006913,0.0364,0.0,0.006937,0.0365,0.0
mozilla-beta,4167886,953,572,191,190,8641,0.7796,16.0,20,0.124955,0.6577,0.0,0.0524,0.0,1.0702,5.632,0.0,0.010203,0.0537,0.0,0.007182,0.0378,0.0,0.007071,0.0372,0.0
mozilla-beta,4167888,953,572,191,190,8641,0.7539,0.0,20,0.146143,0.7692,0.0,0.0801,0.0,0.9884,5.202,0.0,0.010474,0.0551,0.0,0.007021,0.037,0.0,0.00705,0.0371,0.0
mozilla-beta,4169030,953,572,191,190,8641,0.8221,0.0,20,0.188658,0.9929,0.0,0.1603,0.0,0.9933,5.228,0.0,0.010086,0.0531,0.0,0.006943,0.0365,0.0,0.007012,0.0369,0.0
mozilla-beta,4169031,953,572,191,190,8641,0.73,0.0,20,0.134858,0.7098,0.0,0.0708,0.0,0.9615,5.061,0.0,0.011473,0.0604,0.0,0.007205,0.0379,0.0,0.007124,0.0375,0.0
mozilla-beta,4169032,953,572,191,190,8641,0.7044,0.0,20,0.127008,0.6685,0.0,0.0669,0.0,1.0308,5.425,0.0,0.010682,0.0562,0.0,0.0073,0.0384,0.0,0.007485,0.0394,0.0
mozilla-beta,4169033,953,572,191,190,8641,0.8075,0.0,20,0.171209,0.9011,0.0,0.1728,0.0,1.0561,5.558,0.0,0.010463,0.0551,0.0,0.007342,0.0386,0.0,0.007384,0.0389,0.0
mozilla-beta,4169035,953,572,191,190,8641,0.9022,0.0,20,0.208707,1.0985,0.0,0.21,0.0,1.164,6.127,0.0,0.011453,0.0603,0.0,0.00785,0.0413,0.0,0.009979,0.0525,0.0
